player_name,maps,rounds,kd_diff,kd,rating,thrown,blinded,opp_flashed,flash_diff,flash_assists,flash_success,ok_kpr,ok_dpr,ok_attempts,ok_success,ok_rating,pistol_maps,pistol_kd_diff,pistol_kd,pistol_rating
1962,70,1514,-230,0.78,0.85,0.42,1.16s,0.97s,-0.19,0.04,0.65,0.08,0.09,17.4%,46.2%,0.91,70,-1,0.99,01.08
1eeR,127,2783,-322,0.83,0.91,0.6,1.38s,1.45s,0.06,0.05,0.69,0.07,0.1,17.2%,43.1%,0.87,127,-17,0.91,1.0
2high,109,2387,9,01.01,01.03,0.66,1.08s,1.64s,0.56,0.06,0.71,0.08,0.08,16.7%,49.9%,0.94,109,11,01.07,1.11
910,102,2266,156,1.11,01.07,0.73,1.66s,1.60s,-0.05,0.06,0.62,0.13,0.09,21.4%,60.2%,1.17,102,-15,0.9,01.03
ANSG1,72,1601,13,01.01,0.99,0.82,1.20s,2.27s,01.07,0.1,0.79,0.08,0.09,16.9%,49.4%,0.94,72,-11,0.89,01.01
AW,136,2941,186,1.1,1.11,0.47,1.31s,0.94s,-0.37,0.02,0.55,0.1,0.09,19.2%,53.8%,01.04,136,20,1.1,1.18
AcilioN,86,1848,-206,0.84,0.91,0.71,1.44s,1.85s,0.41,0.08,0.73,0.1,0.11,20.6%,46.2%,0.96,86,-34,0.73,0.89
Aerial,66,1404,-113,0.89,0.98,0.57,1.65s,1.25s,-0.4,0.02,0.63,0.11,0.12,23.0%,48.3%,01.02,66,8,01.09,1.14
Ag1l,68,1451,-81,0.92,0.94,0.54,1.05s,1.18s,0.13,0.03,0.64,0.06,0.09,15.6%,40.7%,0.83,68,-8,0.92,0.93
Aleksib,71,1569,-183,0.82,0.9,0.89,1.44s,2.21s,0.78,0.08,0.69,0.09,0.11,19.6%,43.8%,0.91,71,-39,0.6,0.7
Altekz,69,1460,-80,0.92,0.95,0.35,1.01s,0.87s,-0.14,0.03,0.74,0.08,0.08,16.0%,48.1%,0.91,69,-5,0.95,01.02
Anlelele,201,4355,122,01.04,01.09,0.48,1.41s,1.28s,-0.13,0.03,0.75,0.11,0.09,20.6%,54.5%,01.07,201,1,1.0,01.05
Attacker,109,2365,-116,0.93,1.0,0.42,1.39s,0.94s,-0.45,0.04,0.61,0.1,0.1,20.1%,48.6%,0.98,109,-22,0.86,1.0
Ax1Le,121,2770,-23,0.99,01.04,0.61,1.24s,1.34s,0.1,0.04,0.63,0.09,0.09,18.7%,50.3%,0.98,121,-10,0.94,1.0
BELCHONOKK,217,4675,193,01.06,1.12,0.47,1.33s,1.16s,-0.17,0.02,0.75,0.11,0.12,22.8%,48.5%,01.02,217,74,1.24,1.3
BK1,85,1791,-152,0.88,0.98,0.86,1.39s,2.00s,0.61,0.06,0.67,0.12,0.13,24.5%,47.5%,01.03,85,-1,0.99,01.04
BRACE,71,1542,-146,0.87,0.93,0.84,1.45s,2.22s,0.77,0.09,0.75,0.09,0.1,18.4%,47.2%,0.94,71,-28,0.74,0.77
BTN,193,4297,-837,0.73,0.83,0.66,1.32s,1.58s,0.25,0.05,0.67,0.07,0.11,17.8%,38.6%,0.83,193,-71,0.74,0.83
Banjo,205,4548,116,01.04,01.06,0.45,1.04s,1.18s,0.14,0.03,0.75,0.08,0.07,14.8%,54.8%,0.96,205,17,01.06,1.12
Bart4k,107,2282,-82,0.94,0.97,0.51,1.27s,0.93s,-0.34,0.02,0.55,0.08,0.08,15.8%,48.9%,0.92,107,-16,0.89,0.96
Beccie,188,3984,-106,0.96,01.01,0.37,0.91s,0.93s,0.02,0.03,0.72,0.08,0.07,15.3%,51.3%,0.93,188,-6,0.98,01.05
Bhavi,80,1651,-199,0.84,0.97,0.69,1.56s,1.63s,0.06,0.06,0.65,0.12,0.15,27.0%,46.1%,01.05,80,-30,0.76,0.81
Bibu,74,1632,3,1.0,0.99,0.57,1.01s,1.51s,0.5,0.06,0.75,0.06,0.07,12.9%,46.9%,0.86,74,-13,0.87,0.99
BledarD,107,2333,174,1.12,01.07,0.42,1.37s,1.05s,-0.32,0.05,0.73,0.1,0.06,16.2%,60.7%,01.05,107,4,01.03,01.06
Blytz,92,1974,-46,0.97,1.0,0.45,1.03s,0.89s,-0.14,0.03,0.58,0.09,0.11,19.5%,45.8%,0.94,92,-13,0.91,01.07
Boombl4,119,2739,-252,0.86,0.96,0.85,1.49s,1.96s,0.47,0.06,0.65,0.09,0.13,21.4%,40.7%,0.89,119,-8,0.95,0.98
Brollan,109,2437,-278,0.83,0.93,0.69,1.54s,1.68s,0.14,0.07,0.69,0.1,0.14,23.7%,40.6%,0.91,109,-21,0.87,0.96
Brooxsy,123,2737,-89,0.95,1.0,0.44,1.21s,1.17s,-0.04,0.04,0.75,0.1,0.13,23.2%,44.9%,0.97,123,19,1.11,1.18
Bruninho,82,1821,-72,0.94,0.96,0.59,1.50s,1.42s,-0.08,0.04,0.75,0.08,0.09,16.3%,47.5%,0.91,82,12,1.11,1.1
Burmylov,82,1740,62,01.06,01.01,0.52,1.46s,1.12s,-0.34,0.05,0.61,0.1,0.08,18.0%,55.6%,01.03,82,-18,0.86,0.92
Buzz,153,3363,-9,1.0,01.03,0.5,0.97s,1.09s,0.12,0.03,0.64,0.08,0.08,15.9%,50.9%,0.94,153,10,01.05,1.1
C4LLM3SU3,98,2115,-20,0.99,01.02,0.38,1.09s,1.01s,-0.07,0.04,0.77,0.07,0.08,14.6%,47.2%,0.88,98,1,01.01,01.05
CLASIA,110,2302,128,01.09,01.08,0.69,0.97s,1.54s,0.56,0.05,0.63,0.06,0.06,12.3%,48.2%,0.86,110,-17,0.89,0.95
CYPHER,125,2736,-204,0.9,01.02,0.33,1.30s,0.71s,-0.59,0.02,0.61,0.13,0.17,30.3%,44.0%,01.05,125,-16,0.91,01.01
Cabbi,259,5543,-120,0.97,1.0,0.4,1.10s,1.02s,-0.08,0.03,0.72,0.1,0.1,19.6%,48.4%,0.97,259,-34,0.91,0.98
Caleyy,113,2448,130,01.07,1.16,0.29,1.33s,0.70s,-0.62,0.02,0.66,0.14,0.11,25.1%,54.6%,1.16,113,11,01.06,1.1
CeRq,140,3020,245,1.14,01.04,0.72,1.27s,1.72s,0.45,0.07,0.69,0.08,0.05,12.7%,60.0%,0.96,140,10,01.05,01.06
ChildKing,123,2534,325,1.19,1.23,0.71,1.31s,1.51s,0.2,0.04,0.59,0.12,0.12,24.1%,50.9%,01.08,123,43,1.26,1.26
Chr1zN,153,3363,-73,0.97,01.03,0.72,1.20s,1.62s,0.42,0.06,0.64,0.11,0.14,25.0%,45.8%,01.01,153,-10,0.95,01.03
Cjoffo,235,5205,79,01.02,01.02,0.7,1.13s,1.45s,0.32,0.04,0.61,0.08,0.08,15.9%,50.8%,0.94,235,20,01.06,1.1
Cryptic,126,2605,-92,0.95,01.06,0.59,1.42s,1.34s,-0.08,0.05,0.69,0.13,0.13,26.0%,48.4%,01.07,126,-14,0.93,01.03
CutzMeretz,106,2267,-224,0.86,0.93,0.87,1.38s,1.99s,0.61,0.06,0.66,0.08,0.11,19.6%,42.2%,0.89,106,-30,0.82,0.89
Cxzi,67,1461,-71,0.93,01.03,0.55,1.20s,1.26s,0.06,0.04,0.64,0.1,0.13,22.8%,44.7%,0.97,67,-4,0.96,0.99
Dawy,162,3484,187,01.08,1.15,0.31,1.50s,0.68s,-0.82,0.02,0.62,0.11,0.1,21.1%,52.4%,01.05,162,27,1.12,1.19
DemQQ,240,5231,338,1.1,01.08,0.47,1.26s,1.14s,-0.12,0.04,0.7,0.08,0.09,17.0%,49.6%,0.94,240,87,1.29,1.23
Demho,108,2391,-46,0.97,01.01,0.46,1.02s,0.90s,-0.12,0.03,0.56,0.09,0.09,18.0%,48.3%,0.95,108,-20,0.87,0.99
Dengzoe,68,1494,-295,0.74,0.84,0.5,1.36s,1.11s,-0.25,0.05,0.62,0.09,0.14,22.4%,38.9%,0.87,68,-32,0.68,0.77
Dragon,169,3792,162,01.06,1.13,0.36,1.33s,0.81s,-0.52,0.02,0.64,0.14,0.12,26.2%,54.3%,1.18,169,-8,0.97,01.03
Dytor,248,5342,81,01.02,01.02,0.44,1.03s,0.92s,-0.11,0.04,0.62,0.07,0.08,14.9%,46.0%,0.87,248,-31,0.91,0.96
Efire,123,2615,-37,0.98,01.01,0.38,1.37s,0.82s,-0.56,0.03,0.61,0.1,0.1,19.1%,50.0%,0.99,123,-24,0.87,0.95
EliGE,91,2051,50,01.04,01.09,0.51,1.62s,1.07s,-0.55,0.03,0.59,0.13,0.12,25.4%,51.4%,1.11,91,25,1.19,1.29
EmiliaQAQ,105,2246,3,1.0,01.04,0.44,1.37s,1.10s,-0.27,0.05,0.71,0.1,0.11,21.5%,48.1%,1.0,105,-3,0.98,01.06
Evan,66,1365,30,01.03,01.05,0.39,1.16s,0.78s,-0.39,0.03,0.57,0.08,0.08,16.6%,48.9%,0.93,66,19,1.19,1.24
Ex3rcice,88,1938,27,01.02,01.01,0.58,1.24s,1.29s,0.05,0.04,0.64,0.07,0.07,14.6%,50.7%,0.92,88,21,1.17,1.18
Extinct,79,1671,-90,0.93,01.02,0.64,1.11s,1.30s,0.19,0.03,0.58,0.11,0.14,25.6%,44.3%,0.99,79,6,01.05,1.15
F1KU,153,3363,91,01.04,01.06,0.61,1.37s,1.20s,-0.17,0.03,0.56,0.08,0.08,16.3%,49.9%,0.94,153,14,01.07,1.1
FL1T,85,1871,95,01.08,01.07,0.54,1.66s,1.23s,-0.43,0.03,0.62,0.11,0.1,20.5%,53.1%,01.05,85,2,01.02,01.06
FL4MUS,83,1834,-115,0.91,0.94,0.53,1.73s,1.06s,-0.67,0.03,0.58,0.1,0.12,22.5%,46.6%,0.99,83,-11,0.91,01.06
FaNg,92,1975,281,1.21,1.23,0.5,1.48s,1.00s,-0.48,0.03,0.59,0.14,0.1,24.6%,58.4%,1.21,92,19,1.15,1.15
FalleN,93,1988,-43,0.97,0.95,1.12,1.38s,2.70s,1.33,0.11,0.68,0.09,0.1,19.2%,49.1%,0.97,93,-8,0.94,0.97
FenomeN,231,5015,554,1.19,01.08,0.77,1.27s,1.82s,0.55,0.09,0.7,0.09,0.06,15.0%,59.4%,01.01,231,43,1.14,1.16
Flierax,163,3508,430,1.21,1.1,0.64,1.24s,1.54s,0.3,0.07,0.7,0.1,0.08,17.4%,56.4%,01.03,163,-2,0.99,01.02
FraGuTy,86,1845,-44,0.97,1.0,0.53,1.51s,1.26s,-0.25,0.02,0.74,0.08,0.09,17.1%,49.2%,0.94,86,13,1.11,1.13
Fruitcupx,142,3018,285,1.15,1.14,0.31,1.40s,0.70s,-0.7,0.02,0.66,0.09,0.08,17.1%,55.0%,01.01,142,43,1.23,1.23
Gabe,73,1560,-125,0.89,0.97,0.58,1.16s,1.16s,-0.0,0.03,0.58,0.09,0.11,19.8%,46.6%,0.95,73,-21,0.81,0.85
Gizmy,227,4930,-296,0.91,1.0,0.67,1.42s,1.69s,0.27,0.05,0.72,0.12,0.11,23.1%,50.3%,01.06,227,-28,0.91,0.95
Gn√∏ffe,103,2287,-249,0.84,0.93,0.39,1.01s,1.05s,0.03,0.04,0.78,0.07,0.1,17.0%,43.0%,0.87,103,-32,0.79,0.9
Grave,73,1560,-29,0.97,01.01,0.33,0.90s,0.85s,-0.05,0.03,0.77,0.06,0.05,11.1%,53.2%,0.87,73,10,01.09,1.13
Graviti,88,1938,-116,0.91,0.97,0.6,1.07s,1.32s,0.25,0.06,0.62,0.1,0.14,23.4%,41.1%,0.92,88,-4,0.97,0.99
Griller,85,1833,62,01.05,01.04,0.49,0.88s,1.19s,0.31,0.04,0.69,0.08,0.07,15.2%,53.0%,0.95,85,8,01.07,01.01
Grim,67,1461,121,1.12,1.16,0.47,1.43s,1.02s,-0.41,0.02,0.64,0.12,0.09,20.3%,57.2%,1.1,67,21,1.22,1.33
Grizz,107,2330,50,01.03,01.07,0.54,1.14s,1.21s,0.08,0.03,0.65,0.1,0.12,21.5%,46.2%,0.97,107,21,1.14,1.14
H4SAN4TOR,128,2757,-85,0.96,01.05,0.29,1.20s,0.61s,-0.59,0.02,0.61,0.1,0.11,21.3%,48.3%,1.0,128,5,01.03,1.16
HEAP,107,2358,-33,0.98,01.03,0.44,1.20s,1.01s,-0.19,0.03,0.66,0.1,0.09,19.2%,50.6%,0.99,107,5,01.03,01.07
HEN1,70,1500,188,1.23,01.09,0.85,1.23s,2.06s,0.84,0.1,0.69,0.08,0.05,13.9%,61.1%,1.0,70,6,01.07,01.07
HENU,66,1404,-203,0.81,0.91,0.36,1.28s,1.14s,-0.14,0.04,0.88,0.12,0.14,26.1%,46.6%,01.04,66,-7,0.93,01.01
HeavyGod,88,1945,201,1.17,1.12,0.63,1.19s,1.34s,0.15,0.04,0.64,0.08,0.07,15.8%,52.9%,0.96,88,27,1.24,1.2
HexT,116,2396,224,1.15,1.11,0.61,1.06s,1.49s,0.43,0.05,0.71,0.09,0.1,18.4%,46.9%,0.94,116,58,1.42,1.3
ICY,85,1871,169,1.16,01.01,0.73,1.57s,1.94s,0.38,0.08,0.77,0.09,0.07,16.3%,54.8%,0.99,85,21,1.18,1.17
INS,67,1381,-170,0.83,0.94,0.85,1.38s,2.17s,0.79,0.07,0.73,0.09,0.13,21.4%,40.7%,0.89,67,-23,0.75,0.88
IceBerg,238,5109,-840,0.78,0.89,0.63,1.34s,1.30s,-0.04,0.04,0.58,0.1,0.15,25.1%,39.2%,0.9,238,-81,0.78,0.88
JACKZ,153,3433,3,1.0,01.01,0.46,1.16s,0.98s,-0.18,0.04,0.6,0.1,0.09,18.2%,52.6%,1.0,153,-22,0.9,0.98
JBa,79,1667,98,01.09,01.09,0.34,1.21s,0.72s,-0.49,0.02,0.58,0.08,0.08,15.4%,50.0%,0.92,79,17,1.17,1.16
JDC,119,2523,47,01.03,1.11,0.43,1.88s,0.94s,-0.93,0.02,0.6,0.12,0.13,25.6%,47.3%,01.05,119,22,1.13,1.18
JT,67,1461,-43,0.96,01.01,0.89,1.56s,2.70s,1.14,0.1,0.86,0.11,0.1,21.5%,51.3%,01.04,67,-25,0.75,0.9
JW,105,2300,66,01.04,01.06,0.67,1.32s,1.68s,0.36,0.07,0.72,0.12,0.11,22.9%,53.9%,1.11,105,9,01.06,1.12
Jackinho,163,3495,172,01.08,01.04,0.62,1.20s,1.30s,0.1,0.06,0.61,0.11,0.08,19.4%,56.3%,01.07,163,-32,0.87,0.97
JamYoung,113,2446,252,1.16,1.19,0.48,1.49s,1.15s,-0.34,0.04,0.65,0.14,0.11,25.0%,54.1%,1.15,113,32,1.21,1.18
Jame,217,4675,943,1.38,1.17,0.78,1.35s,1.74s,0.39,0.08,0.62,0.12,0.06,17.8%,66.7%,1.16,217,18,01.07,01.06
Jee,113,2446,395,1.27,1.14,0.79,1.34s,1.87s,0.53,0.11,0.66,0.09,0.06,14.8%,60.9%,01.02,113,21,1.14,1.13
Jelo,66,1404,-231,0.77,0.84,0.71,1.18s,1.50s,0.32,0.03,0.61,0.08,0.1,17.6%,43.7%,0.89,66,-7,0.93,0.97
Jeorge,116,2396,182,1.12,1.16,0.66,1.34s,1.51s,0.18,0.04,0.65,0.1,0.11,21.8%,48.0%,1.0,116,58,1.39,1.37
Jimpphat,109,2437,113,01.08,01.04,0.29,0.95s,0.69s,-0.26,0.03,0.69,0.06,0.07,13.3%,48.0%,0.87,109,12,01.09,01.07
K1-FiDa,93,1993,-241,0.82,0.9,0.53,1.19s,1.31s,0.12,0.04,0.72,0.08,0.1,18.4%,44.4%,0.91,93,-25,0.81,0.88
KAISER,112,2437,111,01.08,01.02,1.16,1.28s,2.93s,1.65,0.1,0.75,0.09,0.07,16.2%,54.1%,0.98,112,-7,0.95,0.99
KENSI,268,5985,-237,0.94,01.02,0.38,1.21s,0.85s,-0.36,0.02,0.63,0.1,0.11,21.1%,48.7%,1.0,268,-19,0.95,01.01
KIRO,222,4793,196,01.07,01.03,0.83,1.08s,2.09s,01.01,0.09,0.7,0.08,0.06,14.6%,57.8%,0.99,222,29,1.1,1.14
KRIMZ,148,3180,-168,0.92,0.95,0.53,1.07s,1.15s,0.09,0.04,0.62,0.08,0.08,15.8%,48.1%,0.91,148,-23,0.89,0.96
KSCERATO,93,1988,185,1.15,1.14,0.76,1.41s,1.83s,0.42,0.06,0.65,0.1,0.09,18.5%,53.8%,01.02,93,8,01.07,01.07
KaiR0N-,78,1628,64,01.06,01.07,0.44,1.40s,0.93s,-0.47,0.05,0.63,0.09,0.09,18.4%,49.8%,0.97,78,-5,0.95,0.94
Kaide,112,2397,200,1.12,1.15,0.71,1.44s,1.78s,0.34,0.05,0.71,0.12,0.12,24.2%,50.9%,01.08,112,12,01.08,01.09
Keoz,120,2626,-97,0.95,01.02,0.43,1.29s,1.05s,-0.24,0.03,0.7,0.1,0.12,22.6%,46.2%,0.99,120,-1,0.99,1.11
Kind0,169,3792,129,01.05,01.02,0.62,1.38s,1.40s,0.02,0.06,0.65,0.11,0.09,19.5%,56.4%,01.08,169,-24,0.9,0.99
Krabeni,158,3403,121,01.05,1.1,0.68,1.24s,1.52s,0.29,0.05,0.64,0.11,0.11,21.9%,48.8%,01.01,158,-38,0.84,0.93
Krad,105,2251,-76,0.95,01.01,0.84,1.15s,1.88s,0.72,0.06,0.64,0.09,0.09,17.6%,48.4%,0.94,105,14,01.09,1.14
Krimbo,119,2523,68,01.04,01.01,0.6,0.96s,1.44s,0.48,0.05,0.7,0.07,0.09,15.8%,46.1%,0.89,119,-11,0.93,0.96
Kristou,201,4355,213,01.08,01.05,0.68,1.36s,1.86s,0.49,0.07,0.79,0.11,0.09,20.4%,55.7%,01.08,201,26,01.09,1.18
Kursy,129,2858,444,1.25,1.13,0.66,1.15s,1.46s,0.31,0.05,0.63,0.12,0.08,19.8%,60.8%,1.14,129,18,1.1,1.12
Kvem,174,3813,289,1.11,1.18,0.43,1.36s,0.78s,-0.58,0.01,0.51,0.14,0.12,26.0%,54.5%,1.18,174,2,01.01,1.11
L00m1,105,2323,42,01.03,0.96,0.76,1.44s,1.74s,0.3,0.08,0.68,0.08,0.08,15.9%,51.1%,0.94,105,0,1.0,01.05
L1haNg,121,2494,262,1.16,1.22,0.54,1.43s,1.02s,-0.41,0.03,0.52,0.14,0.12,25.3%,54.3%,1.16,121,22,1.13,1.17
LNZ,108,2354,-136,0.91,0.96,0.58,1.34s,1.37s,0.03,0.06,0.67,0.09,0.11,19.9%,43.6%,0.91,108,-51,0.68,0.76
Lack1,155,3417,-262,0.89,0.97,0.5,1.32s,1.22s,-0.1,0.05,0.7,0.1,0.11,21.2%,45.9%,0.96,155,-27,0.88,0.97
Lake,73,1567,56,01.05,1.13,0.51,1.79s,1.08s,-0.7,0.04,0.6,0.14,0.14,28.5%,49.2%,1.13,73,-12,0.89,01.06
Leomonster,99,2221,-107,0.93,01.04,0.53,1.57s,1.14s,-0.43,0.02,0.58,0.16,0.15,30.8%,50.8%,1.2,99,-5,0.97,1.17
Liazz,67,1381,-96,0.89,0.92,0.57,1.19s,1.34s,0.15,0.05,0.66,0.06,0.07,12.9%,49.4%,0.88,67,-11,0.88,0.94
Linko,97,2077,-433,0.71,0.78,0.4,1.25s,0.94s,-0.31,0.02,0.68,0.06,0.12,18.3%,32.4%,0.76,97,-52,0.66,0.75
Louie,66,1430,-183,0.83,0.93,0.44,1.13s,0.93s,-0.2,0.02,0.63,0.1,0.13,23.5%,44.3%,0.97,66,-28,0.74,0.89
Lucaozy,74,1650,-130,0.89,0.93,0.32,1.33s,0.66s,-0.67,0.03,0.56,0.09,0.12,21.6%,43.3%,0.93,74,-19,0.83,0.9
Lucky,88,1938,3,1.0,01.03,0.51,1.14s,1.28s,0.14,0.05,0.72,0.08,0.08,16.1%,50.6%,0.94,88,13,1.12,1.14
Lucky,255,5463,571,1.17,1.11,0.41,1.62s,1.07s,-0.54,0.04,0.71,0.09,0.06,15.6%,60.0%,01.03,88,13,1.12,1.14
M1key,222,4763,6,1.0,01.09,0.44,1.88s,1.01s,-0.88,0.02,0.65,0.15,0.15,30.1%,50.1%,1.17,222,11,01.03,1.13
MAJ3R,124,2790,-300,0.83,0.9,0.83,1.39s,2.09s,0.7,0.09,0.69,0.07,0.09,16.2%,43.7%,0.87,124,-46,0.73,0.79
MATYS,154,3305,231,1.1,1.14,0.5,1.06s,1.03s,-0.03,0.02,0.58,0.12,0.13,25.2%,49.4%,01.08,154,19,01.08,1.21
MUTiRiS,68,1451,-138,0.86,0.93,0.86,1.89s,2.36s,0.47,0.04,0.76,0.1,0.1,20.0%,50.0%,1.0,68,-44,0.58,0.68
MagiC,66,1365,-46,0.95,01.02,0.54,1.31s,1.22s,-0.08,0.04,0.63,0.08,0.11,19.0%,44.0%,0.91,66,-27,0.72,0.82
Magisk,125,2785,-99,0.94,0.97,0.54,1.14s,1.27s,0.13,0.04,0.71,0.08,0.09,17.8%,47.5%,0.93,125,-25,0.85,0.93
Magnojez,121,2770,45,01.02,1.11,0.64,1.31s,1.53s,0.22,0.04,0.65,0.14,0.14,27.8%,49.4%,1.12,121,9,01.05,1.21
MaiL09,119,2635,214,1.12,1.13,0.43,1.35s,1.06s,-0.29,0.04,0.71,0.1,0.09,19.2%,51.3%,1.0,119,62,1.4,1.32
Maka,88,1938,95,01.08,01.06,01.07,1.60s,2.65s,01.04,0.09,0.68,0.11,0.09,20.0%,54.0%,01.05,88,-7,0.95,01.07
Malkiss,135,2927,259,1.15,01.08,0.8,1.27s,1.98s,0.71,0.08,0.71,0.12,0.07,19.2%,61.5%,1.13,135,5,01.03,01.08
MarKE,104,2177,185,1.13,1.15,0.57,1.02s,1.24s,0.22,0.05,0.64,0.1,0.09,18.8%,54.4%,01.04,104,18,1.12,1.17
Marix,166,3711,57,01.02,01.06,0.58,1.48s,1.42s,-0.07,0.03,0.69,0.12,0.1,21.4%,54.2%,01.08,166,-6,0.98,01.02
Matheos,100,2192,71,01.05,1.12,0.41,1.47s,0.84s,-0.63,0.02,0.59,0.12,0.11,23.6%,51.6%,01.09,100,52,1.36,1.47
Maze,83,1800,-72,0.94,1.0,0.52,1.40s,1.31s,-0.1,0.04,0.69,0.11,0.11,22.3%,50.2%,01.04,83,-18,0.86,0.94
Mercury,113,2446,103,01.06,01.09,0.55,1.26s,1.26s,-0.01,0.07,0.62,0.1,0.1,20.2%,49.5%,1.0,113,-6,0.96,01.06
Minus,133,2865,-99,0.95,01.07,0.31,1.55s,0.72s,-0.83,0.02,0.66,0.14,0.16,30.0%,47.4%,1.11,133,10,01.05,1.15
Misfit,94,2042,237,1.2,1.1,0.66,1.28s,1.71s,0.43,0.07,0.76,0.1,0.06,16.5%,62.0%,01.07,94,-11,0.92,0.98
Mokuj1n,124,2756,38,01.02,01.07,0.35,1.39s,0.79s,-0.59,0.02,0.69,0.09,0.09,18.0%,52.3%,1.0,124,-16,0.91,0.96
MoriiSko,188,4156,-92,0.97,0.99,0.61,1.23s,1.36s,0.13,0.04,0.64,0.1,0.13,22.6%,42.9%,0.94,188,21,01.08,1.12
Moseyuh,110,2372,239,1.16,1.16,0.41,1.01s,0.90s,-0.12,0.03,0.59,0.1,0.1,20.0%,51.3%,01.02,110,45,1.3,1.31
NAF,70,1524,-111,0.89,0.92,0.57,1.05s,1.21s,0.17,0.05,0.62,0.06,0.07,13.6%,47.3%,0.87,70,-20,0.8,0.94
NEOFRAG,91,1931,26,01.02,1.1,0.49,1.43s,1.10s,-0.33,0.02,0.61,0.14,0.12,25.4%,54.1%,1.16,91,16,1.13,1.19
NEUZ,94,2011,-20,0.99,01.02,0.52,0.99s,1.03s,0.04,0.04,0.57,0.1,0.1,20.6%,49.2%,1.0,94,26,1.19,1.19
NIGHT666LADE,66,1365,157,1.18,1.14,0.34,0.99s,0.76s,-0.24,0.03,0.64,0.09,0.08,17.5%,51.5%,0.98,66,7,01.08,1.13
NOPEEJ,94,2020,-5,1.0,0.98,0.53,1.09s,1.18s,0.09,0.04,0.6,0.06,0.06,11.8%,47.3%,0.84,94,2,01.01,01.01
Neityu,161,3537,61,01.03,01.05,0.59,1.03s,1.43s,0.4,0.04,0.7,0.08,0.08,16.7%,50.2%,0.95,161,8,01.03,1.1
NertZ,70,1524,10,01.01,01.08,0.5,1.56s,1.23s,-0.33,0.03,0.68,0.15,0.14,28.3%,52.1%,1.18,70,27,1.28,1.26
NiKo,125,2785,218,1.12,1.15,0.64,1.91s,1.57s,-0.34,0.03,0.68,0.14,0.12,25.9%,54.4%,1.17,125,48,1.29,1.26
Noktse,91,2020,-175,0.87,0.93,0.99,1.61s,2.40s,0.79,0.09,0.7,0.09,0.09,18.8%,49.6%,0.97,91,-27,0.78,0.88
Norwi,270,6025,-253,0.94,1.0,0.54,1.13s,1.32s,0.19,0.04,0.69,0.09,0.1,19.3%,46.0%,0.94,270,-50,0.87,0.92
OWNER,89,1919,79,01.06,01.09,0.48,1.16s,1.05s,-0.11,0.04,0.65,0.1,0.1,20.2%,50.8%,01.01,89,6,01.05,01.07
OneUn1que,135,2927,116,01.06,1.13,0.53,1.30s,1.11s,-0.19,0.04,0.6,0.13,0.12,24.9%,53.2%,1.14,135,40,1.22,1.26
PR,95,2083,51,01.04,01.08,0.38,1.02s,0.71s,-0.31,0.02,0.53,0.11,0.11,21.9%,51.0%,01.05,95,3,01.02,01.02
PR1mE,97,2174,-78,0.95,0.96,0.52,1.16s,1.26s,0.1,0.05,0.69,0.09,0.11,20.2%,45.2%,0.94,97,-11,0.92,0.89
Patsi,268,5984,-123,0.97,01.08,0.5,1.38s,0.96s,-0.42,0.03,0.54,0.12,0.13,24.7%,47.6%,01.04,268,-11,0.97,01.08
Patti,101,2183,-269,0.83,0.92,0.51,1.32s,1.04s,-0.28,0.03,0.56,0.08,0.11,18.8%,42.9%,0.89,101,-20,0.87,0.93
Peeping,105,2186,317,1.22,1.24,0.42,1.53s,0.98s,-0.55,0.02,0.71,0.15,0.11,25.8%,56.7%,1.21,105,15,1.1,1.16
Pepo,188,4156,241,01.09,01.05,0.8,1.36s,1.88s,0.52,0.07,0.67,0.1,0.07,17.0%,59.3%,01.05,188,26,1.1,1.14
Ph1NNN,80,1651,61,01.05,1.11,0.5,1.27s,1.19s,-0.08,0.04,0.67,0.09,0.1,19.5%,47.5%,0.96,80,-17,0.85,0.95
PlesseN,135,2825,-176,0.91,01.01,0.46,1.67s,0.93s,-0.74,0.02,0.56,0.12,0.14,26.5%,46.8%,01.05,135,-14,0.93,01.04
Plopski,105,2323,93,01.06,01.09,0.39,1.37s,0.87s,-0.5,0.03,0.6,0.12,0.11,23.0%,52.1%,01.08,105,2,01.01,1.12
Prism,108,2391,-252,0.85,0.97,0.71,1.53s,1.27s,-0.25,0.04,0.51,0.11,0.13,24.1%,46.7%,01.02,108,-7,0.96,01.04
Pumpkin66,73,1530,-1,1.0,1.0,0.87,1.37s,2.13s,0.76,0.1,0.7,0.1,0.08,18.0%,54.2%,01.02,73,12,1.12,01.08
Qikert,215,4630,-18,0.99,01.04,0.88,1.31s,2.13s,0.83,0.05,0.69,0.11,0.1,21.0%,51.4%,01.04,215,-29,0.9,0.96
R2B2,76,1571,54,01.05,01.05,0.58,1.12s,1.37s,0.25,0.06,0.67,0.08,0.08,16.1%,49.8%,0.93,76,18,1.17,1.23
REDSTAR,90,1912,145,1.12,01.09,0.39,1.48s,0.99s,-0.48,0.04,0.7,0.08,0.07,15.3%,53.6%,0.96,90,25,1.21,1.18
REZ,95,2083,81,01.06,1.1,0.54,1.45s,1.15s,-0.3,0.04,0.58,0.12,0.12,24.4%,50.7%,01.09,95,10,01.07,1.14
ROUX,123,2615,-94,0.95,01.04,0.48,1.29s,1.06s,-0.24,0.03,0.61,0.12,0.13,24.9%,47.3%,01.04,123,6,01.03,1.15
RUSH,84,1734,53,01.05,01.08,0.61,1.26s,1.43s,0.16,0.04,0.7,0.08,0.08,15.6%,48.5%,0.91,84,10,01.08,01.09
Rainwaker,140,3020,147,01.08,01.07,0.41,1.06s,0.97s,-0.09,0.03,0.67,0.08,0.08,16.0%,50.8%,0.94,140,20,1.1,1.15
Ro1f,117,2580,-42,0.97,01.01,0.56,1.01s,1.34s,0.33,0.05,0.69,0.08,0.08,15.6%,50.9%,0.94,117,-28,0.83,0.92
Rossi,78,1604,-148,0.87,0.95,0.38,1.18s,0.82s,-0.36,0.02,0.61,0.08,0.11,18.9%,41.9%,0.88,78,5,01.04,1.12
S1ren,121,2770,69,01.04,01.03,0.34,0.95s,0.68s,-0.27,0.02,0.58,0.07,0.07,13.5%,51.5%,0.91,121,1,01.01,01.03
S3NSEY,112,2569,103,01.06,01.04,0.9,1.36s,2.26s,0.9,0.1,0.71,0.1,0.07,17.6%,57.4%,01.05,112,-6,0.96,01.03
SELLTER,159,3516,-186,0.92,0.97,0.71,1.26s,1.75s,0.5,0.06,0.71,0.08,0.09,17.6%,46.8%,0.92,159,-35,0.84,0.91
SHOCK,188,4156,71,01.03,01.03,0.57,1.02s,1.13s,0.11,0.03,0.58,0.1,0.09,18.6%,53.0%,01.01,188,40,1.16,1.2
SHiNE,122,2714,-305,0.83,0.9,01.04,1.21s,2.46s,1.25,0.1,0.68,0.06,0.08,13.7%,41.7%,0.82,122,-26,0.84,0.91
SHiPZ,93,2018,159,1.11,1.2,0.51,1.47s,1.20s,-0.27,0.03,0.67,0.14,0.14,27.6%,50.7%,1.14,93,33,1.23,1.32
SLIGHT,149,3175,273,1.14,01.08,0.7,1.45s,1.66s,0.21,0.07,0.69,0.12,0.08,19.9%,59.4%,1.12,149,42,1.22,1.2
SPELLAN,140,3020,-453,0.78,0.87,0.72,1.42s,1.56s,0.14,0.05,0.6,0.07,0.11,18.9%,39.6%,0.85,140,-55,0.72,0.81
SaMey,90,2025,198,1.15,1.1,0.57,1.37s,1.34s,-0.03,0.05,0.68,0.11,0.07,18.4%,60.2%,1.1,90,24,1.2,1.2
SaVage,71,1474,70,01.08,01.09,0.61,1.10s,1.53s,0.43,0.03,0.72,0.1,0.09,18.4%,52.4%,1.0,71,19,1.21,1.27
Sandman,100,2129,34,01.02,01.06,0.41,1.29s,0.95s,-0.35,0.03,0.67,0.08,0.08,16.2%,50.9%,0.95,100,-8,0.95,01.06
Sapec,140,3087,56,01.03,01.08,0.56,1.47s,1.24s,-0.23,0.03,0.62,0.13,0.14,26.8%,47.8%,01.07,140,-10,0.95,01.01
Schwarz,109,2387,-217,0.88,0.96,0.54,1.21s,1.03s,-0.18,0.03,0.56,0.11,0.15,25.7%,41.7%,0.95,109,-39,0.78,0.92
Scr0b,68,1494,95,01.09,1.1,0.67,1.07s,1.74s,0.67,0.07,0.76,0.12,0.1,22.0%,55.6%,1.12,68,19,1.18,1.31
ScrunK,168,3752,-736,0.73,0.83,0.97,1.45s,2.64s,1.18,0.08,0.76,0.08,0.14,21.5%,36.6%,0.83,168,-118,0.53,0.64
Sdaim,159,3516,67,01.03,01.07,0.45,1.27s,1.20s,-0.06,0.04,0.79,0.1,0.09,19.0%,51.0%,1.0,159,22,1.1,1.17
Seb,78,1619,-72,0.93,0.97,0.63,1.12s,1.16s,0.04,0.04,0.55,0.07,0.08,14.3%,45.9%,0.87,78,0,1.0,1.0
Senzu,102,2266,170,1.12,1.11,0.45,1.74s,0.88s,-0.86,0.03,0.56,0.1,0.09,19.1%,54.5%,01.04,102,33,1.22,1.22
Sijeyy,84,1843,-265,0.79,0.89,0.6,1.23s,1.35s,0.12,0.06,0.68,0.08,0.12,20.2%,41.3%,0.89,84,-21,0.8,0.86
Smash,166,3711,8,1.0,01.06,0.5,1.16s,1.14s,-0.02,0.03,0.63,0.11,0.12,23.2%,48.4%,01.03,166,18,01.08,1.17
Snakes,76,1632,14,01.01,01.03,0.47,1.04s,0.86s,-0.18,0.03,0.53,0.07,0.07,14.6%,51.3%,0.92,76,16,1.16,1.16
Snappi,155,3377,-225,0.9,0.97,0.65,1.21s,1.64s,0.43,0.07,0.73,0.09,0.09,17.7%,49.7%,0.96,155,-39,0.81,0.86
Snax,88,1945,-252,0.8,0.89,0.73,1.43s,1.71s,0.28,0.07,0.64,0.08,0.1,18.6%,43.6%,0.9,88,-24,0.8,0.88
Sobol,73,1665,-27,0.98,01.03,0.48,0.93s,0.87s,-0.06,0.02,0.49,0.09,0.09,18.1%,52.2%,0.99,73,8,01.08,1.11
Sonic,79,1667,50,01.04,01.09,0.68,1.28s,1.70s,0.43,0.05,0.69,0.1,0.1,20.2%,51.8%,01.03,79,-18,0.84,0.89
Spinx,102,2271,189,1.13,1.1,0.28,1.13s,0.53s,-0.6,0.02,0.52,0.09,0.08,16.6%,51.7%,0.96,102,14,1.1,01.09
Staehr,107,2393,39,01.02,01.06,0.64,1.51s,1.33s,-0.18,0.03,0.58,0.1,0.1,19.4%,50.0%,0.99,107,21,1.14,1.18
Starry,105,2246,45,01.03,1.1,0.67,1.41s,1.64s,0.23,0.04,0.72,0.12,0.11,23.1%,52.6%,01.09,105,8,01.05,1.14
Stx,66,1321,-47,0.95,01.01,0.6,1.20s,1.42s,0.22,0.06,0.7,0.09,0.09,17.6%,50.2%,0.96,66,-1,0.99,01.06
Summer,123,2534,2,1.0,01.06,0.74,1.11s,1.80s,0.69,0.06,0.68,0.09,0.08,17.4%,52.3%,0.98,123,-22,0.88,01.01
SunPayus,108,2354,279,1.2,1.11,0.72,1.40s,1.76s,0.36,0.07,0.7,0.1,0.07,17.3%,58.6%,01.05,108,-24,0.85,0.94
Svedjehed,73,1601,-69,0.94,01.01,0.42,1.28s,0.95s,-0.33,0.03,0.7,0.08,0.08,16.9%,49.6%,0.94,73,12,1.12,1.2
Swisher,73,1567,-69,0.93,1.0,0.73,1.25s,1.99s,0.74,0.06,0.77,0.08,0.09,17.5%,48.4%,0.94,73,-9,0.92,0.96
TABEN,66,1365,92,1.11,01.05,0.76,1.21s,1.79s,0.58,0.08,0.68,0.12,0.1,21.5%,54.4%,01.09,66,10,1.11,1.13
TMB,201,4355,-494,0.84,0.98,0.58,1.47s,1.39s,-0.08,0.04,0.66,0.11,0.14,25.4%,43.9%,0.99,201,-17,0.94,01.02
TMKj,69,1481,-60,0.94,01.06,0.55,1.45s,1.27s,-0.17,0.04,0.64,0.13,0.14,27.3%,47.0%,01.07,69,5,01.05,01.09
TRAVIS,199,4296,15,01.01,01.01,0.47,1.24s,1.06s,-0.18,0.03,0.64,0.08,0.08,15.3%,50.5%,0.93,199,-15,0.95,1.0
Talen,73,1500,-265,0.75,0.8,0.67,1.19s,1.67s,0.48,0.07,0.73,0.06,0.09,15.0%,40.4%,0.82,73,-45,0.61,0.71
Tapewaare,184,4011,-274,0.9,0.98,0.63,1.17s,1.44s,0.28,0.05,0.65,0.1,0.12,22.2%,45.4%,0.97,184,-28,0.89,0.9
Tauson,95,2083,-59,0.96,0.98,0.37,1.38s,0.97s,-0.41,0.03,0.75,0.09,0.12,21.3%,44.4%,0.94,95,28,1.21,1.23
TeSeS,125,2785,5,1.0,01.04,0.53,1.17s,1.17s,0.0,0.03,0.62,0.1,0.1,20.6%,50.6%,01.02,125,14,01.08,1.16
Techno,102,2266,-227,0.85,0.92,0.37,1.10s,0.87s,-0.23,0.03,0.7,0.09,0.12,20.5%,41.8%,0.9,102,-39,0.74,0.83
The eLiVe,174,3736,-418,0.83,0.9,0.62,1.28s,1.45s,0.17,0.05,0.65,0.08,0.11,18.7%,42.3%,0.88,174,-51,0.8,0.86
TjP,74,1548,-45,0.96,01.02,0.8,1.38s,1.71s,0.33,0.05,0.6,0.09,0.14,23.4%,40.3%,0.91,74,2,01.02,01.08
Topa,174,3813,-158,0.94,0.98,0.87,1.42s,2.00s,0.58,0.05,0.64,0.09,0.11,20.0%,45.2%,0.94,174,-1,1.0,0.99
Tree60,68,1425,-10,0.99,01.01,0.46,0.94s,1.02s,0.08,0.04,0.61,0.07,0.07,14.1%,47.8%,0.88,68,19,1.21,1.21
Tuurtle,113,2456,-62,0.96,01.06,0.44,1.68s,1.02s,-0.65,0.02,0.68,0.14,0.15,29.1%,47.5%,1.1,113,-5,0.97,01.07
Twistzz,70,1524,107,1.11,1.11,0.85,1.29s,1.72s,0.43,0.04,0.56,0.09,0.08,17.5%,52.3%,0.98,70,22,1.23,1.22
VILBy,85,1840,-168,0.87,0.95,0.7,1.47s,1.54s,0.08,0.06,0.64,0.09,0.11,19.9%,43.1%,0.91,85,-1,0.99,01.02
VINI,101,2217,-19,0.99,01.06,0.85,1.57s,2.22s,0.65,0.08,0.74,0.1,0.1,20.3%,48.9%,0.99,101,-16,0.88,0.92
VLDN,176,3933,41,01.02,01.01,0.68,1.01s,1.45s,0.44,0.04,0.61,0.08,0.08,15.8%,48.6%,0.92,176,24,1.1,1.13
Vacancy,77,1633,-68,0.94,01.02,0.52,1.17s,1.17s,0.01,0.04,0.62,0.1,0.11,20.6%,47.0%,0.97,77,-3,0.97,01.01
Valiance,71,1474,-5,0.99,1.0,0.7,0.87s,1.59s,0.72,0.07,0.68,0.06,0.07,13.0%,49.5%,0.88,71,44,1.47,1.36
Veccil,65,1370,-149,0.84,0.87,0.36,1.04s,0.72s,-0.32,0.02,0.57,0.06,0.08,13.8%,42.9%,0.83,65,-10,0.89,0.88
Vegi,83,1808,-24,0.98,01.02,0.35,1.18s,0.99s,-0.19,0.02,0.84,0.09,0.09,18.3%,48.3%,0.95,83,37,1.32,1.34
Vexite,67,1381,-61,0.94,01.01,0.49,1.19s,1.22s,0.03,0.05,0.69,0.11,0.13,23.4%,46.4%,1.0,67,28,1.27,1.4
Vster,97,2174,-354,0.78,0.92,0.4,1.31s,0.94s,-0.37,0.02,0.64,0.1,0.15,24.7%,41.2%,0.93,97,-31,0.8,0.88
WOOD7,109,2335,93,01.06,01.02,0.58,1.55s,1.50s,-0.04,0.05,0.72,0.09,0.08,17.3%,54.0%,1.0,109,-13,0.91,0.91
Westmelon,105,2246,34,01.02,01.08,0.69,1.26s,1.72s,0.46,0.07,0.69,0.12,0.13,24.2%,47.7%,01.03,105,20,1.14,1.14
Wicadia,124,2790,141,01.07,1.1,0.37,1.27s,0.72s,-0.55,0.02,0.55,0.11,0.11,21.4%,50.5%,01.03,124,-19,0.9,01.06
WolfY,117,2534,156,1.1,01.05,0.93,1.15s,2.51s,1.36,0.11,0.77,0.09,0.07,15.4%,57.5%,1.0,117,-21,0.87,0.93
Wolffe,113,2485,271,1.17,1.18,0.68,1.19s,1.50s,0.31,0.04,0.62,0.09,0.08,17.4%,52.2%,0.98,113,34,1.22,1.26
Wonder,66,1419,-139,0.86,0.92,0.33,0.98s,0.82s,-0.16,0.03,0.74,0.06,0.07,13.5%,44.5%,0.84,66,-30,0.69,0.78
Woro2k,180,3933,498,1.2,1.15,0.47,1.36s,1.04s,-0.33,0.04,0.63,0.13,0.08,20.8%,60.7%,1.16,180,44,1.18,1.22
XANTARES,124,2790,228,1.13,1.16,0.41,1.59s,0.98s,-0.62,0.02,0.65,0.15,0.13,28.2%,52.9%,1.19,124,23,1.13,1.18
XELLOW,196,4352,332,1.12,01.07,0.8,1.27s,1.86s,0.59,0.08,0.67,0.12,0.09,20.9%,56.2%,1.1,196,30,1.11,1.16
Xant3r,127,2783,-62,0.97,01.03,0.61,1.40s,1.49s,0.09,0.04,0.69,0.11,0.13,24.2%,47.5%,01.03,127,4,01.02,1.1
ZEDKO,188,4156,-69,0.97,1.0,0.55,1.27s,1.19s,-0.08,0.04,0.6,0.1,0.11,21.1%,48.6%,1.0,188,2,01.01,01.07
Zanto,104,2278,29,01.02,01.05,0.35,0.73s,0.91s,0.18,0.03,0.76,0.08,0.07,15.1%,53.0%,0.95,104,33,1.23,1.29
Zyphon,258,5522,-85,0.98,01.04,0.37,1.54s,0.90s,-0.64,0.02,0.68,0.12,0.11,23.4%,51.1%,01.07,258,23,01.06,1.16
ZywOo,98,2061,585,1.49,1.39,0.66,1.44s,1.57s,0.13,0.08,0.66,0.14,0.07,21.3%,67.2%,1.27,98,65,1.51,1.43
aNdu,107,2323,129,01.08,1.17,0.34,1.20s,0.68s,-0.52,0.02,0.57,0.12,0.11,23.8%,52.2%,1.1,107,21,1.13,1.21
aVN,235,5205,-372,0.89,0.91,0.53,1.00s,1.16s,0.16,0.04,0.6,0.06,0.07,12.5%,46.4%,0.85,235,-58,0.83,0.88
abizz,85,1791,7,01.01,01.06,0.64,1.04s,1.60s,0.56,0.04,0.73,0.09,0.1,18.2%,47.5%,0.94,85,9,01.07,1.15
abr,90,1949,21,01.02,01.04,0.68,1.42s,1.62s,0.2,0.06,0.69,0.1,0.1,19.8%,51.6%,01.02,90,23,1.19,1.18
adamb,96,2124,34,01.02,01.05,0.33,1.53s,0.75s,-0.78,0.02,0.69,0.1,0.11,21.2%,47.2%,0.98,96,28,1.22,1.16
afro,129,2822,388,1.22,1.14,0.77,1.23s,2.11s,0.88,0.1,0.76,0.12,0.07,19.2%,63.2%,1.16,129,16,01.09,1.11
alex,197,4350,-49,0.98,01.03,0.62,1.42s,1.60s,0.18,0.04,0.74,0.08,0.1,18.5%,45.9%,0.92,197,2,01.01,01.05
alex666,140,3058,80,01.04,01.06,0.53,1.37s,1.26s,-0.12,0.04,0.71,0.09,0.09,17.7%,49.9%,0.96,140,16,01.09,1.12
alkarenn,124,2756,210,1.13,01.08,0.63,1.28s,1.58s,0.3,0.09,0.71,0.11,0.09,20.1%,54.8%,01.07,124,17,1.1,1.19
allu,66,1404,25,01.03,0.98,0.74,1.41s,1.99s,0.57,0.07,0.78,0.08,0.08,15.2%,50.0%,0.92,66,-1,0.99,01.01
ammar,113,2448,91,01.06,01.05,0.37,0.94s,0.77s,-0.17,0.03,0.59,0.09,0.08,16.3%,52.8%,0.97,113,22,1.14,1.16
amster,131,2853,109,01.06,01.06,0.42,0.93s,0.91s,-0.02,0.04,0.65,0.07,0.07,14.4%,50.4%,0.91,131,29,1.16,1.2
anber,68,1494,-10,0.99,01.05,0.35,1.40s,0.94s,-0.47,0.03,0.73,0.13,0.12,24.8%,51.4%,1.1,68,-16,0.84,0.94
apEX,98,2061,-78,0.94,01.03,0.83,1.54s,2.36s,0.83,0.12,0.77,0.1,0.09,18.7%,52.2%,01.01,98,-33,0.74,0.88
apocdud,76,1620,-107,0.9,0.99,0.65,1.33s,1.62s,0.28,0.06,0.69,0.09,0.09,17.5%,48.9%,0.95,76,-26,0.77,0.85
arT,100,2099,8,01.01,1.12,0.67,1.69s,1.72s,0.04,0.06,0.71,0.15,0.14,29.0%,50.5%,1.16,100,-16,0.89,0.99
arTisT,79,1671,13,01.01,01.01,0.87,1.02s,2.21s,1.2,0.1,0.76,0.1,0.08,18.8%,55.4%,01.05,79,-2,0.98,01.03
arias,86,1813,-112,0.92,01.03,0.21,1.21s,0.42s,-0.79,0.02,0.57,0.13,0.14,27.7%,47.8%,01.09,86,4,01.03,1.14
ariucle,123,2615,-86,0.95,0.99,0.66,1.12s,1.48s,0.36,0.06,0.63,0.07,0.07,14.1%,47.2%,0.88,123,-27,0.84,0.9
arrozdoce,121,2587,-52,0.97,01.03,0.56,1.34s,1.36s,0.01,0.05,0.68,0.09,0.09,18.7%,50.1%,0.98,121,-2,0.99,01.09
asap,74,1548,240,1.24,1.24,0.46,1.28s,1.12s,-0.17,0.02,0.69,0.14,0.12,25.5%,54.6%,1.17,74,17,1.16,1.23
atarax1a,77,1699,57,01.05,01.02,0.91,1.47s,2.04s,0.56,0.08,0.66,0.11,0.08,19.1%,56.5%,01.07,77,-2,0.98,01.01
avid,139,2934,22,01.01,01.04,0.43,1.06s,1.12s,0.06,0.03,0.74,0.08,0.09,17.7%,46.5%,0.92,139,34,1.18,1.2
b1elany,184,4011,23,01.01,01.05,0.45,0.97s,0.96s,-0.01,0.04,0.59,0.08,0.08,16.4%,48.3%,0.92,184,27,1.11,1.12
b1t,71,1569,70,01.07,01.09,0.6,1.06s,1.32s,0.26,0.04,0.64,0.12,0.09,20.9%,56.1%,1.1,71,-2,0.98,01.05
bLitz,102,2266,-39,0.97,01.04,0.8,2.03s,2.00s,-0.03,0.06,0.69,0.09,0.11,20.1%,46.4%,0.95,102,-20,0.86,0.87
bajmi,90,2025,109,01.09,01.07,0.39,1.04s,1.03s,-0.0,0.03,0.76,0.08,0.07,15.2%,53.6%,0.96,90,46,1.4,1.31
beastik,188,4156,-182,0.93,0.97,0.63,1.11s,1.52s,0.41,0.05,0.69,0.09,0.11,20.5%,45.2%,0.94,188,2,01.01,1.0
ben1337,81,1710,-163,0.87,0.95,0.88,1.37s,2.10s,0.73,0.08,0.72,0.09,0.11,20.6%,45.7%,0.95,81,-6,0.95,1.0
biguzera,95,2072,-188,0.87,0.95,0.73,1.58s,1.77s,0.19,0.06,0.66,0.11,0.14,24.8%,45.1%,1.0,95,-15,0.88,0.87
birdfromsky,83,1808,-273,0.78,0.9,01.03,1.43s,2.90s,1.47,0.1,0.78,0.08,0.14,22.3%,36.1%,0.83,83,-37,0.67,0.77
bl1x1,231,5015,-43,0.99,01.03,0.51,1.07s,1.12s,0.04,0.04,0.64,0.1,0.12,21.5%,45.5%,0.96,231,67,1.22,1.24
blameF,154,3305,609,1.3,1.25,0.33,1.38s,0.73s,-0.65,0.03,0.62,0.12,0.07,19.8%,62.8%,1.16,154,61,1.31,1.26
bluewh1te,118,2635,-68,0.96,01.04,0.42,1.45s,1.03s,-0.42,0.03,0.69,0.12,0.14,25.2%,46.5%,01.03,118,17,1.1,1.16
bnc,70,1576,-54,0.95,01.01,0.48,1.49s,1.21s,-0.28,0.03,0.74,0.1,0.11,21.0%,46.8%,0.97,70,2,01.02,1.12
bnox,92,1974,-21,0.99,01.06,0.49,1.54s,1.05s,-0.49,0.02,0.58,0.12,0.12,23.9%,51.0%,01.08,92,-6,0.96,01.04
bobeksde,217,4819,-204,0.94,01.03,0.53,1.14s,1.13s,-0.02,0.02,0.59,0.11,0.14,25.9%,44.2%,1.0,217,-25,0.92,1.0
bodyy,74,1605,-62,0.94,01.04,0.56,1.69s,1.22s,-0.47,0.04,0.6,0.13,0.14,26.3%,48.3%,01.08,74,16,1.16,1.2
bondik,151,3369,58,01.03,01.03,0.71,1.36s,1.80s,0.44,0.08,0.75,0.07,0.06,13.4%,53.8%,0.92,151,-14,0.93,01.01
br0,116,2396,135,01.08,1.15,0.59,1.25s,1.14s,-0.11,0.03,0.54,0.13,0.12,24.2%,52.1%,1.1,116,26,1.17,1.18
brett,100,2129,-106,0.93,01.03,0.9,1.27s,2.14s,0.87,0.06,0.7,0.1,0.12,22.7%,45.1%,0.97,100,-17,0.88,0.97
broky,69,1578,138,1.15,01.05,0.94,1.34s,1.99s,0.65,0.07,0.62,0.09,0.05,13.9%,63.9%,01.03,69,-2,0.98,01.03
brutmonster,235,5205,189,01.06,01.03,0.52,1.28s,1.23s,-0.05,0.05,0.68,0.13,0.09,22.5%,59.0%,1.18,235,-30,0.91,0.96
c0llins,169,3792,-136,0.95,0.98,0.63,1.41s,1.53s,0.11,0.04,0.7,0.09,0.1,18.9%,47.5%,0.95,169,-35,0.85,0.91
cadiaN,87,1961,-279,0.79,0.86,0.89,1.45s,2.11s,0.67,0.08,0.65,0.09,0.12,20.1%,42.4%,0.9,87,-14,0.89,0.95
cairne,163,3508,397,1.17,1.2,0.5,1.49s,1.17s,-0.32,0.02,0.67,0.12,0.1,21.4%,53.8%,01.08,163,50,1.22,1.25
cass1n,89,1975,269,1.23,1.12,0.8,1.34s,1.84s,0.5,0.08,0.67,0.1,0.06,15.7%,63.3%,01.07,89,18,1.15,1.15
cbass,73,1560,-149,0.87,0.94,0.5,1.17s,1.10s,-0.08,0.04,0.63,0.09,0.12,20.8%,44.6%,0.94,73,-12,0.89,0.93
cej0t,66,1420,-32,0.97,01.05,0.49,1.39s,1.03s,-0.35,0.02,0.6,0.14,0.12,26.1%,52.3%,1.14,66,20,1.22,1.21
chayJESUS,93,2024,-46,0.96,0.99,0.58,1.27s,1.29s,0.02,0.04,0.64,0.09,0.12,20.8%,43.1%,0.92,93,9,01.07,1.1
chelleos,74,1548,85,01.09,01.06,0.97,1.30s,2.11s,0.81,0.11,0.63,0.12,0.1,22.2%,56.3%,1.13,74,-25,0.78,0.89
chop,119,2579,-44,0.97,0.99,0.37,0.98s,0.86s,-0.13,0.03,0.65,0.08,0.09,17.4%,47.3%,0.93,119,16,1.11,01.04
chopper,86,1883,-189,0.85,0.92,0.84,1.41s,1.81s,0.41,0.05,0.63,0.1,0.14,23.5%,42.2%,0.94,86,-28,0.75,0.82
clax,266,5939,226,01.06,01.06,0.54,0.92s,1.20s,0.28,0.04,0.63,0.09,0.08,17.4%,52.7%,0.99,266,7,01.02,01.07
clipzera,88,1837,-166,0.88,0.98,0.65,1.20s,1.60s,0.41,0.06,0.7,0.09,0.12,21.1%,43.7%,0.93,88,-33,0.76,0.83
cmtry,155,3350,94,01.05,01.02,0.79,1.45s,1.86s,0.41,0.08,0.7,0.09,0.08,17.6%,52.5%,0.99,155,28,1.13,1.1
cobrazera,107,2282,220,1.15,1.17,0.49,1.29s,1.02s,-0.27,0.03,0.58,0.12,0.11,22.6%,53.5%,1.1,107,23,1.15,1.24
coldzera,102,2202,149,1.11,01.06,0.72,1.22s,1.76s,0.54,0.07,0.69,0.08,0.08,16.1%,48.6%,0.92,102,-3,0.98,01.03
consti,78,1632,228,1.23,1.11,0.6,1.36s,1.40s,0.04,0.06,0.68,0.1,0.06,16.4%,61.8%,01.07,78,7,01.06,01.08
controlez,123,2615,152,01.09,01.09,0.72,1.26s,1.84s,0.58,0.09,0.72,0.11,0.1,21.0%,54.0%,01.07,123,-20,0.89,0.94
cptkurtka023,131,2853,24,01.01,1.16,0.3,1.53s,0.66s,-0.87,0.02,0.62,0.17,0.17,34.0%,50.8%,1.25,131,11,01.06,1.21
d1Ledez,122,2596,88,01.05,01.09,0.45,1.18s,0.98s,-0.2,0.04,0.61,0.11,0.12,23.0%,49.7%,01.05,122,6,01.03,01.06
damyo,76,1620,-14,0.99,01.07,0.38,1.36s,0.92s,-0.44,0.03,0.7,0.13,0.1,22.5%,55.6%,1.13,76,7,01.06,1.11
danistzz,92,1974,251,1.2,1.12,0.58,1.26s,1.16s,-0.1,0.04,0.56,0.12,0.06,18.4%,65.8%,1.17,92,39,1.3,1.29
danoco,104,2255,-95,0.94,01.04,0.57,1.41s,1.14s,-0.27,0.02,0.56,0.13,0.14,27.2%,47.3%,01.07,104,-1,0.99,01.06
dare,95,1957,-44,0.97,01.07,0.35,1.61s,0.71s,-0.9,0.02,0.58,0.12,0.12,24.0%,51.9%,1.1,95,-3,0.98,01.06
dav1deuS,99,2154,-27,0.98,01.03,0.32,1.59s,0.71s,-0.88,0.02,0.62,0.1,0.12,22.0%,44.7%,0.96,99,21,1.14,1.25
dav1g,197,4350,-304,0.9,0.99,0.5,1.49s,1.28s,-0.21,0.03,0.7,0.11,0.12,23.1%,46.1%,0.99,197,-83,0.73,0.81
ddoni,68,1381,-202,0.81,0.89,0.36,1.33s,0.99s,-0.34,0.03,0.83,0.1,0.11,20.8%,46.3%,0.96,68,-15,0.85,0.96
dea,95,1993,351,1.29,1.24,0.62,1.34s,1.31s,-0.02,0.06,0.64,0.13,0.08,21.0%,62.4%,1.19,95,5,01.04,1.12
decenty,94,2053,253,1.19,1.16,0.3,1.12s,0.65s,-0.47,0.02,0.64,0.1,0.08,18.5%,56.7%,01.06,94,18,1.14,1.14
def1zer,73,1530,-42,0.96,0.99,0.81,1.17s,1.59s,0.42,0.07,0.55,0.07,0.08,15.4%,45.3%,0.88,73,15,1.17,01.09
degster,76,1697,146,1.14,01.05,0.55,1.36s,1.29s,-0.07,0.06,0.7,0.11,0.06,17.1%,64.9%,1.12,76,3,01.03,01.08
delboNi,81,1697,-58,0.95,0.99,0.43,1.45s,0.87s,-0.58,0.02,0.6,0.09,0.09,17.9%,52.1%,0.99,81,-14,0.88,0.92
delle,80,1777,-58,0.95,0.98,0.39,1.07s,0.95s,-0.12,0.03,0.74,0.07,0.08,14.7%,48.5%,0.9,80,-8,0.93,0.99
dem0n,158,3403,173,01.08,01.08,0.37,1.20s,0.86s,-0.34,0.03,0.66,0.07,0.06,13.3%,52.4%,0.91,158,51,1.24,1.21
desh,106,2317,309,1.22,1.12,0.74,1.30s,1.81s,0.51,0.07,0.72,0.13,0.06,18.6%,69.1%,1.21,106,5,01.03,1.11
destiny,133,2801,79,01.04,01.08,0.56,2.03s,1.08s,-0.95,0.03,0.54,0.12,0.13,25.3%,47.5%,01.05,133,7,01.04,01.08
detr0ittJ,68,1573,196,1.21,1.13,0.68,1.48s,1.61s,0.13,0.08,0.68,0.12,0.07,18.9%,62.1%,1.13,68,-6,0.94,1.0
device,107,2393,281,1.19,1.12,0.77,1.31s,1.77s,0.45,0.06,0.66,0.12,0.08,19.7%,60.2%,1.13,107,5,01.03,1.12
devoduvek,139,3077,-413,0.81,0.91,0.38,1.30s,0.90s,-0.4,0.03,0.7,0.09,0.12,20.4%,42.6%,0.91,139,-41,0.8,0.91
dex,106,2338,-155,0.9,0.99,0.61,1.34s,1.57s,0.23,0.05,0.74,0.1,0.12,21.2%,45.4%,0.95,106,-7,0.95,01.01
dezt,72,1525,-72,0.93,1.0,0.3,1.53s,0.68s,-0.84,0.02,0.63,0.11,0.12,23.6%,48.1%,01.03,72,10,1.1,1.1
djay,79,1709,-75,0.94,01.03,0.74,1.27s,1.76s,0.49,0.06,0.7,0.1,0.1,20.4%,50.3%,01.01,79,-9,0.93,01.03
doc,123,2579,247,1.14,1.2,0.44,1.48s,1.26s,-0.22,0.02,0.8,0.15,0.12,26.8%,54.5%,1.19,123,26,1.15,1.18
doni,68,1466,6,01.01,01.04,0.31,1.29s,0.86s,-0.43,0.03,0.78,0.09,0.12,21.8%,43.6%,0.94,68,-20,0.79,0.84
donk,86,1883,553,1.44,1.45,0.43,1.47s,0.81s,-0.66,0.02,0.54,0.18,0.11,29.2%,62.9%,1.4,86,80,1.68,1.73
dosikk,74,1535,-203,0.82,0.88,0.49,1.11s,1.15s,0.04,0.04,0.7,0.09,0.09,17.9%,48.5%,0.95,74,6,01.06,1.11
drac,139,3077,8,1.0,01.05,0.54,1.16s,1.41s,0.26,0.05,0.75,0.09,0.11,19.8%,46.5%,0.95,139,-11,0.95,01.03
draken,130,2874,549,1.32,1.22,0.58,1.48s,1.31s,-0.17,0.06,0.66,0.14,0.08,22.2%,62.5%,1.22,130,21,1.12,1.17
drg,126,2652,-15,0.99,01.03,0.66,1.26s,1.83s,0.57,0.09,0.79,0.09,0.1,19.0%,47.6%,0.95,126,-25,0.85,0.9
drop,107,2340,-14,0.99,01.05,0.42,1.40s,1.11s,-0.3,0.03,0.72,0.09,0.09,18.5%,50.1%,0.98,107,-8,0.95,01.01
duggy,96,2036,-129,0.91,0.94,0.63,1.34s,1.51s,0.17,0.07,0.7,0.09,0.1,18.9%,47.3%,0.95,96,5,01.04,01.07
dumau,129,2667,266,1.16,1.18,0.66,1.47s,1.39s,-0.07,0.03,0.58,0.14,0.1,24.0%,57.7%,1.19,129,20,1.12,1.14
dune,76,1564,-246,0.79,0.86,0.47,1.50s,1.17s,-0.33,0.03,0.77,0.1,0.14,23.2%,41.0%,0.91,76,-36,0.69,0.74
dwushka,88,1889,-20,0.98,1.0,0.38,1.26s,0.87s,-0.39,0.03,0.67,0.1,0.09,19.2%,51.2%,1.0,88,25,1.21,1.24
dziugss,155,3340,75,01.03,01.08,0.45,1.20s,1.03s,-0.17,0.03,0.67,0.09,0.07,16.8%,55.5%,01.01,155,4,01.02,01.07
electroNic,85,1871,-232,0.83,0.92,01.01,1.44s,2.26s,0.83,0.07,0.63,0.08,0.14,22.1%,36.3%,0.83,85,-55,0.59,0.71
emi,115,2590,-385,0.79,0.88,0.91,1.49s,2.38s,0.89,0.07,0.73,0.09,0.11,20.0%,43.6%,0.92,115,-36,0.79,0.91
eraa,139,2934,487,1.26,1.14,0.65,1.40s,1.44s,0.04,0.06,0.64,0.1,0.07,17.4%,59.7%,01.07,139,22,1.11,1.14
esenthial,140,3058,47,01.02,01.01,0.34,1.16s,0.58s,-0.58,0.01,0.53,0.08,0.07,15.5%,52.2%,0.95,140,7,01.03,01.09
ewjerkz,154,3356,-18,0.99,01.08,0.51,1.22s,1.10s,-0.12,0.04,0.6,0.12,0.11,22.8%,50.8%,01.06,154,1,1.0,1.12
executor,222,4793,141,01.05,01.07,0.4,1.05s,0.96s,-0.08,0.04,0.66,0.09,0.09,18.2%,48.5%,0.95,222,6,01.02,01.05
exit,74,1650,-21,0.98,0.95,0.52,1.28s,1.29s,0.01,0.05,0.69,0.07,0.09,15.8%,44.8%,0.88,74,-25,0.78,0.83
f1redup,83,1705,82,01.07,01.05,0.52,1.32s,1.16s,-0.16,0.06,0.66,0.11,0.07,17.9%,59.3%,01.08,83,1,01.01,01.08
fREQ,91,1896,27,01.02,1.0,0.5,1.06s,1.14s,0.08,0.04,0.68,0.08,0.08,15.3%,50.0%,0.92,91,-6,0.95,0.97
fakerealityy,84,1774,-222,0.83,0.91,0.42,1.24s,0.97s,-0.27,0.03,0.68,0.1,0.15,24.9%,40.7%,0.93,84,-2,0.98,01.04
fame,85,1871,-41,0.97,1.0,0.55,1.44s,1.34s,-0.1,0.04,0.7,0.09,0.1,18.4%,48.4%,0.95,85,9,01.08,01.08
faveN,217,4819,389,1.12,1.11,0.38,1.24s,0.90s,-0.34,0.03,0.69,0.1,0.07,17.0%,60.9%,01.07,217,52,1.17,1.19
faydett,88,1889,-130,0.9,0.97,0.69,1.33s,1.79s,0.45,0.04,0.73,0.08,0.09,17.2%,48.5%,0.93,88,-31,0.76,0.89
fear,154,3305,-364,0.83,0.92,0.61,1.38s,1.31s,-0.08,0.05,0.62,0.07,0.11,18.3%,40.1%,0.85,154,-68,0.69,0.81
felps,71,1522,-2,1.0,1.12,0.39,1.64s,0.80s,-0.84,0.01,0.56,0.17,0.16,33.2%,51.6%,1.26,71,-1,0.99,01.05
fineshine52,154,3411,181,01.08,01.06,0.78,1.34s,1.89s,0.55,0.08,0.71,0.1,0.07,17.2%,58.3%,01.05,154,11,01.05,01.09
flameZ,98,2061,77,01.06,1.13,0.62,1.45s,1.14s,-0.31,0.04,0.51,0.13,0.14,26.6%,48.4%,01.08,98,-7,0.95,01.05
flayy,73,1665,251,1.25,1.14,0.63,1.18s,1.64s,0.47,0.06,0.77,0.11,0.06,17.8%,64.0%,1.13,73,8,01.08,01.08
flow,86,1809,38,01.03,1.0,0.47,1.39s,1.06s,-0.34,0.06,0.65,0.1,0.08,17.2%,55.9%,01.02,86,2,01.02,01.07
forkyz,73,1530,-67,0.94,01.05,0.4,1.25s,0.99s,-0.26,0.03,0.68,0.13,0.13,26.1%,49.1%,01.09,73,-17,0.85,01.06
forsyy,249,5360,890,1.29,1.14,0.68,1.30s,1.51s,0.21,0.06,0.63,0.11,0.05,16.1%,66.0%,1.11,249,43,1.13,1.14
fozil,119,2581,3,1.0,01.01,0.39,0.89s,0.84s,-0.05,0.03,0.62,0.08,0.09,16.0%,46.9%,0.9,119,33,1.2,1.2
fr3nd,68,1460,194,1.21,1.16,0.58,1.09s,1.48s,0.39,0.06,0.72,0.13,0.08,20.8%,63.5%,1.2,68,-1,0.99,01.09
freshie,144,3070,57,01.03,01.09,0.53,1.12s,1.01s,-0.11,0.03,0.55,0.11,0.11,21.4%,50.1%,01.02,144,-23,0.89,01.01
frozen,91,2051,190,1.15,1.12,0.51,1.18s,1.32s,0.13,0.04,0.73,0.09,0.07,15.6%,55.6%,0.99,91,12,01.09,1.11
gafolo,123,2579,-92,0.94,0.99,0.57,1.19s,1.39s,0.2,0.05,0.7,0.08,0.11,18.4%,42.1%,0.88,123,-31,0.82,0.91
gbb,133,2801,123,01.07,1.1,0.4,1.48s,0.88s,-0.61,0.03,0.64,0.1,0.1,20.3%,49.1%,0.99,133,1,01.01,1.12
gejmzilla,113,2448,-330,0.81,0.91,0.64,1.32s,1.67s,0.35,0.07,0.78,0.08,0.1,18.0%,43.8%,0.89,113,-27,0.83,0.87
gla1ve,161,3535,-307,0.87,0.92,0.71,1.21s,1.94s,0.74,0.07,0.77,0.06,0.09,15.3%,41.3%,0.83,161,-76,0.68,0.75
glowiing,231,5015,196,01.06,1.13,0.68,1.54s,1.64s,0.1,0.05,0.67,0.13,0.1,23.2%,55.5%,1.14,231,40,1.13,1.12
gr1ks,270,6025,1123,1.31,1.18,0.65,1.33s,1.50s,0.17,0.07,0.67,0.12,0.06,17.5%,66.2%,1.15,270,27,01.07,1.12
hAdji,131,2834,78,01.04,01.09,0.36,1.14s,0.81s,-0.33,0.02,0.64,0.1,0.09,19.4%,53.6%,01.04,131,14,01.08,1.17
hades,151,3307,352,1.17,01.09,0.72,1.25s,1.87s,0.62,0.07,0.79,0.11,0.07,18.0%,61.3%,1.1,151,12,01.06,01.04
hampus,105,2323,-122,0.93,01.02,0.62,1.38s,1.49s,0.11,0.06,0.69,0.11,0.11,21.9%,50.5%,01.04,105,-13,0.91,01.02
headtr1ck,140,3058,448,1.25,1.14,0.5,1.46s,1.24s,-0.22,0.06,0.76,0.09,0.06,15.3%,61.1%,01.04,140,28,1.16,1.19
hfah,108,2391,-78,0.95,0.99,0.34,1.33s,0.71s,-0.62,0.02,0.62,0.1,0.09,19.7%,52.1%,01.02,108,-41,0.73,0.79
hodix,92,1981,68,01.05,1.0,0.67,1.39s,1.79s,0.41,0.07,0.79,0.09,0.08,17.4%,52.5%,0.99,92,4,01.03,01.03
huNter-,75,1669,82,01.08,01.05,0.83,1.37s,1.90s,0.52,0.07,0.62,0.08,0.08,15.8%,49.8%,0.93,75,34,1.36,1.28
hyped,119,2523,135,01.08,01.05,0.66,1.53s,1.61s,0.08,0.07,0.71,0.12,0.09,21.2%,55.6%,1.1,119,-3,0.98,01.07
hypex,108,2391,283,1.21,01.07,0.7,1.28s,1.73s,0.45,0.09,0.71,0.07,0.05,12.0%,60.6%,0.95,108,11,01.08,01.06
iM,71,1569,18,01.02,01.06,0.61,1.52s,1.23s,-0.3,0.04,0.55,0.1,0.1,20.3%,49.8%,1.0,71,20,1.2,1.25
innocent,73,1665,-135,0.88,0.93,0.74,1.21s,2.02s,0.81,0.05,0.79,0.08,0.1,17.6%,45.4%,0.91,73,-14,0.86,0.91
insani,74,1650,-27,0.98,01.05,0.55,1.69s,1.30s,-0.39,0.02,0.64,0.14,0.14,27.9%,49.7%,1.13,74,21,1.19,1.32
isak,105,2323,-91,0.94,0.97,0.31,0.97s,0.65s,-0.31,0.02,0.62,0.08,0.1,17.9%,46.3%,0.92,105,1,01.01,01.04
ivz,85,1791,20,01.02,01.01,0.86,1.42s,1.83s,0.41,0.09,0.63,0.09,0.07,16.0%,57.1%,01.01,85,-6,0.95,01.04
j0w,75,1643,-109,0.91,0.96,0.53,1.57s,1.25s,-0.32,0.04,0.7,0.09,0.11,20.5%,45.1%,0.94,75,-1,0.99,01.08
j3kie,166,3711,-20,0.99,01.05,0.42,1.39s,0.82s,-0.57,0.02,0.55,0.12,0.13,24.6%,49.1%,01.06,166,18,01.07,1.18
jL,71,1569,22,01.02,01.08,0.47,1.37s,1.13s,-0.24,0.03,0.66,0.1,0.11,20.8%,48.6%,0.99,71,6,01.06,01.04
jabbi,107,2393,12,01.01,01.02,0.6,1.18s,1.33s,0.15,0.04,0.63,0.1,0.1,20.4%,49.5%,1.0,107,2,01.01,0.99
jackasmo,174,3813,-89,0.96,0.99,0.73,1.33s,1.69s,0.36,0.06,0.67,0.07,0.08,14.6%,45.6%,0.87,174,-6,0.97,01.01
jackast,92,1981,-217,0.84,0.9,0.5,1.28s,1.26s,-0.02,0.05,0.7,0.07,0.08,15.9%,46.8%,0.9,92,-54,0.61,0.65
jambo,109,2392,297,1.2,1.14,0.54,1.44s,1.41s,-0.03,0.06,0.75,0.13,0.11,23.8%,55.5%,1.15,109,9,01.06,1.12
jared,78,1687,-106,0.91,1.0,0.44,1.22s,1.05s,-0.17,0.03,0.72,0.1,0.13,22.8%,44.3%,0.96,78,-5,0.96,1.1
jchancE,73,1560,-9,0.99,01.04,0.57,1.36s,1.33s,-0.03,0.05,0.71,0.12,0.11,23.7%,52.3%,1.1,73,-17,0.85,0.92
jcobbb,108,2391,9,01.01,01.09,0.41,1.42s,1.03s,-0.39,0.02,0.74,0.13,0.13,26.0%,51.4%,1.13,108,22,1.14,1.26
jkaem,127,2766,-58,0.97,01.09,0.32,1.84s,0.68s,-1.16,0.02,0.58,0.14,0.14,27.5%,50.3%,1.13,127,11,01.06,1.15
jottAAA,124,2790,39,01.02,01.02,0.32,1.15s,0.72s,-0.43,0.01,0.69,0.09,0.08,17.0%,50.3%,0.95,124,-9,0.95,01.02
junior,128,2647,531,1.36,1.22,0.7,1.30s,1.87s,0.57,0.1,0.76,0.13,0.07,19.5%,66.2%,1.2,128,36,1.21,1.2
kAlash,146,3156,57,01.03,01.02,0.29,0.86s,0.62s,-0.24,0.02,0.6,0.08,0.09,16.7%,48.6%,0.93,146,17,01.08,01.08
kL1o,135,2927,17,01.01,01.04,0.53,1.43s,1.24s,-0.19,0.03,0.68,0.09,0.1,18.7%,47.1%,0.94,135,8,01.04,1.12
karrigan,91,2051,-291,0.8,0.88,0.84,1.21s,1.57s,0.35,0.05,0.53,0.09,0.14,23.8%,39.7%,0.9,91,-22,0.82,0.88
kauez,81,1768,-92,0.92,0.98,0.42,1.30s,1.03s,-0.27,0.02,0.71,0.11,0.11,21.9%,51.7%,01.06,81,-30,0.74,0.82
kaze,123,2534,190,1.13,01.05,0.93,1.18s,2.26s,01.08,0.1,0.7,0.07,0.05,11.7%,61.1%,0.95,123,13,01.08,1.14
keen,71,1474,131,1.13,1.19,0.93,1.28s,2.12s,0.84,0.05,0.65,0.17,0.15,31.7%,52.7%,1.25,71,2,01.02,01.08
kelieN,88,1889,-30,0.98,01.01,0.34,1.05s,0.75s,-0.29,0.03,0.65,0.11,0.11,22.1%,48.0%,1.0,88,-8,0.93,01.01
kensizor,140,3058,-169,0.92,01.05,0.24,1.50s,0.44s,-1.05,0.01,0.55,0.14,0.16,29.6%,47.2%,1.11,140,-12,0.94,01.07
khaN,127,2783,222,1.13,01.06,0.73,1.48s,1.64s,0.17,0.08,0.66,0.11,0.08,18.6%,57.3%,01.07,127,9,01.05,01.06
kiR,115,2494,-132,0.93,1.0,0.49,1.20s,1.28s,0.08,0.04,0.74,0.12,0.15,26.3%,44.8%,01.01,115,11,01.06,01.09
kinqie,222,4793,-664,0.81,0.93,0.63,1.06s,1.63s,0.58,0.06,0.74,0.09,0.13,22.2%,40.8%,0.9,222,-41,0.87,0.95
kisserek,73,1665,10,01.01,01.08,0.57,1.57s,1.13s,-0.44,0.02,0.57,0.13,0.13,26.3%,50.0%,1.11,73,24,1.23,1.31
kmrn,73,1571,-33,0.97,01.01,0.59,1.12s,1.35s,0.23,0.05,0.69,0.07,0.08,14.7%,48.9%,0.9,73,-18,0.84,0.87
koala,123,2579,284,1.18,1.12,0.42,0.90s,1.03s,0.13,0.04,0.7,0.09,0.08,16.1%,53.1%,0.97,123,25,1.15,1.19
kr1vda,135,2927,-4,1.0,01.01,0.44,0.80s,0.83s,0.03,0.02,0.53,0.08,0.08,16.0%,50.2%,0.94,135,5,01.03,01.03
kraghen,210,4682,-61,0.98,01.07,0.5,1.54s,1.18s,-0.36,0.03,0.65,0.11,0.11,22.7%,50.6%,01.05,210,-20,0.94,01.06
kroK,76,1702,-75,0.94,01.05,0.44,1.45s,1.00s,-0.45,0.03,0.63,0.13,0.12,24.8%,50.7%,01.09,76,-12,0.89,01.02
ksloks,66,1370,100,1.11,01.08,0.46,1.35s,0.93s,-0.42,0.03,0.59,0.09,0.1,19.2%,47.5%,0.95,66,33,1.4,1.36
kwezz,68,1447,-142,0.86,0.92,0.51,0.93s,1.26s,0.33,0.03,0.71,0.08,0.09,17.6%,46.5%,0.92,68,-14,0.86,0.9
kye,100,2099,165,1.12,1.1,0.45,1.37s,1.28s,-0.09,0.02,0.81,0.1,0.08,18.4%,54.5%,01.03,100,6,01.04,01.03
kyousuke,124,2756,442,1.23,1.3,0.36,1.63s,0.72s,-0.91,0.02,0.56,0.14,0.12,26.1%,54.9%,1.19,124,32,1.17,1.25
kyuubii,119,2523,-243,0.86,0.94,0.47,1.38s,1.17s,-0.2,0.04,0.73,0.08,0.1,17.7%,46.1%,0.92,119,-11,0.93,1.0
kyxsan,125,2785,-279,0.85,0.92,0.66,1.40s,1.66s,0.26,0.06,0.7,0.08,0.09,17.2%,47.7%,0.93,125,-11,0.93,0.96
laser,81,1793,-147,0.88,0.93,0.51,1.27s,1.13s,-0.14,0.02,0.62,0.08,0.1,17.8%,45.9%,0.92,81,-18,0.85,0.97
latto,129,2667,393,1.25,1.17,0.63,1.09s,1.46s,0.37,0.04,0.65,0.08,0.08,16.0%,51.6%,0.95,129,52,1.3,1.28
lauNX,145,3275,243,1.11,1.14,0.6,1.21s,1.16s,-0.05,0.03,0.55,0.11,0.11,22.0%,48.6%,01.01,145,84,1.44,1.4
laxiee,68,1447,-17,0.98,01.06,0.47,1.44s,1.03s,-0.41,0.02,0.63,0.11,0.12,23.8%,47.8%,01.03,68,-19,0.83,0.92
leakz,69,1578,-55,0.95,01.06,0.35,1.36s,0.90s,-0.46,0.03,0.72,0.12,0.14,26.0%,47.2%,01.05,69,-2,0.98,01.06
leen,171,3711,-316,0.88,0.92,0.45,1.11s,1.03s,-0.09,0.03,0.66,0.08,0.11,18.9%,44.2%,0.91,171,-12,0.95,01.02
lov1kus,229,4977,-27,0.99,01.04,0.38,1.34s,0.73s,-0.61,0.02,0.53,0.11,0.1,21.6%,51.6%,01.05,229,-26,0.92,01.01
luchov,91,2020,22,01.02,01.09,0.7,1.35s,1.78s,0.43,0.03,0.72,0.13,0.14,26.0%,48.1%,01.07,91,-16,0.88,0.97
lux,129,2667,182,1.1,1.15,0.64,1.50s,1.48s,-0.02,0.04,0.65,0.14,0.13,27.3%,50.8%,1.14,129,16,01.09,1.17
m0NESY,106,2342,531,1.38,1.25,0.71,1.39s,1.79s,0.4,0.08,0.72,0.13,0.08,21.0%,63.5%,1.21,106,9,01.06,1.11
m1N1,74,1632,132,1.13,01.08,0.46,1.61s,0.95s,-0.66,0.04,0.64,0.09,0.08,17.2%,55.4%,01.01,74,46,1.48,1.39
m1QUSE,89,1928,-81,0.94,01.01,0.42,1.16s,0.91s,-0.25,0.02,0.65,0.07,0.08,15.1%,46.7%,0.89,89,-26,0.8,0.91
mASKED,140,3110,-532,0.76,0.86,0.67,1.53s,1.60s,0.07,0.05,0.66,0.09,0.14,23.3%,38.4%,0.88,140,-60,0.71,0.83
maaryy,143,3185,-260,0.88,0.93,0.36,1.06s,0.89s,-0.16,0.03,0.71,0.09,0.1,18.9%,46.8%,0.94,143,-2,0.99,01.04
mag1k3Y,79,1690,156,1.14,01.07,0.43,1.39s,1.03s,-0.36,0.05,0.68,0.12,0.1,21.3%,55.0%,01.09,79,10,01.09,1.11
magixx,86,1883,31,01.03,01.03,0.59,1.27s,1.45s,0.18,0.03,0.73,0.07,0.08,14.9%,46.8%,0.88,86,-24,0.8,0.87
makazze,158,3403,212,01.09,1.18,0.46,1.67s,1.08s,-0.59,0.02,0.66,0.15,0.15,30.2%,50.6%,1.18,158,24,1.1,1.24
malbsMd,88,1945,-24,0.98,01.09,0.54,1.69s,1.31s,-0.38,0.03,0.67,0.15,0.15,29.4%,50.5%,1.17,88,23,1.18,1.33
mantuu,185,4128,402,1.16,01.08,0.74,1.26s,1.90s,0.64,0.08,0.73,0.1,0.06,16.0%,60.4%,01.05,185,-36,0.86,0.92
marat2k,135,2927,-70,0.96,1.0,0.66,1.35s,1.49s,0.14,0.05,0.64,0.1,0.11,20.9%,46.3%,0.96,135,-5,0.97,0.99
mason,100,2129,-87,0.94,01.04,0.42,1.41s,0.86s,-0.55,0.02,0.57,0.12,0.16,28.5%,43.0%,01.01,100,32,1.23,1.3
matios,101,2157,-53,0.96,0.97,0.52,1.13s,1.04s,-0.09,0.04,0.59,0.08,0.08,16.4%,49.3%,0.93,101,27,1.22,1.18
maxxkor,86,1845,231,1.2,1.16,0.67,1.54s,1.49s,-0.05,0.06,0.63,0.12,0.07,18.8%,63.7%,1.15,86,14,1.12,1.13
mello,89,1934,208,1.17,01.07,0.76,1.35s,1.84s,0.5,0.08,0.72,0.11,0.08,19.0%,60.2%,1.11,89,13,1.1,1.14
meyern,111,2417,-33,0.98,01.01,0.54,1.30s,1.24s,-0.05,0.04,0.67,0.09,0.07,16.3%,54.9%,0.99,111,-1,0.99,01.09
mezii,98,2061,112,01.09,01.08,0.57,1.12s,1.25s,0.14,0.03,0.63,0.08,0.08,15.5%,49.7%,0.92,98,13,1.1,01.09
millert,109,2387,-210,0.87,0.9,0.85,1.23s,2.17s,0.94,0.09,0.76,0.09,0.08,16.9%,50.2%,0.95,109,-35,0.78,0.85
misha,79,1636,-86,0.93,01.01,0.31,1.14s,0.50s,-0.64,0.01,0.47,0.1,0.08,18.0%,53.6%,01.01,79,-5,0.96,01.02
mlhzin,86,1774,-8,0.99,01.05,0.49,1.56s,1.09s,-0.47,0.03,0.61,0.1,0.11,21.4%,46.2%,0.97,86,-22,0.83,0.94
molodoy,106,2231,465,1.36,1.21,0.72,1.20s,1.70s,0.5,0.06,0.7,0.13,0.07,20.6%,65.4%,1.22,106,30,1.21,1.21
mopoz,197,4350,-79,0.97,01.03,0.59,1.14s,1.46s,0.32,0.03,0.69,0.11,0.12,23.2%,48.0%,01.02,197,-7,0.98,01.05
motm,119,2579,-7,1.0,01.01,0.6,1.40s,1.20s,-0.2,0.04,0.57,0.08,0.08,15.7%,51.2%,0.94,119,11,01.07,01.08
myltsi,116,2518,162,01.09,1.13,0.43,1.19s,1.10s,-0.09,0.03,0.72,0.11,0.11,22.2%,49.6%,01.03,116,19,1.11,01.09
mzinho,102,2266,-71,0.95,01.01,0.56,1.23s,1.31s,0.07,0.03,0.7,0.09,0.1,18.7%,48.1%,0.95,102,6,01.04,01.05
n1Xen,118,2654,33,01.02,01.05,0.33,1.26s,0.71s,-0.55,0.02,0.62,0.08,0.09,17.6%,46.8%,0.92,118,28,1.16,1.19
n1cks,100,2076,23,01.02,0.99,0.6,1.17s,1.62s,0.45,0.09,0.79,0.09,0.07,16.2%,56.2%,1.0,100,-35,0.76,0.89
n1ssim,129,2667,72,01.04,01.02,0.53,0.82s,0.97s,0.15,0.03,0.52,0.08,0.08,16.1%,49.7%,0.93,129,-12,0.93,0.98
nEMANHA,234,5163,20,01.01,1.11,0.61,1.35s,1.55s,0.2,0.03,0.71,0.15,0.15,30.1%,51.3%,1.19,234,11,01.03,1.11
nacho,81,1713,-34,0.97,01.02,0.46,1.23s,0.96s,-0.27,0.03,0.61,0.11,0.12,22.8%,46.8%,1.0,81,-7,0.94,0.99
naitte,109,2335,69,01.04,1.11,0.5,1.73s,1.10s,-0.63,0.02,0.64,0.16,0.15,30.2%,51.7%,1.2,109,9,01.06,1.12
nardes,75,1643,142,1.14,01.09,0.74,1.52s,1.72s,0.2,0.1,0.65,0.11,0.07,17.2%,62.1%,01.09,75,23,1.21,1.26
nawwk,125,2736,398,1.26,01.09,0.51,1.49s,1.13s,-0.37,0.04,0.64,0.09,0.05,13.6%,66.7%,01.04,125,14,01.09,01.05
nbqq,245,5294,-30,0.99,01.03,0.28,1.09s,0.65s,-0.44,0.02,0.68,0.1,0.11,21.1%,48.3%,0.99,245,-30,0.92,0.99
neaLaN,73,1530,-16,0.99,01.03,0.63,1.50s,1.36s,-0.14,0.05,0.61,0.1,0.13,23.2%,42.3%,0.93,73,-15,0.85,0.95
neiter,92,1981,-32,0.98,01.03,0.3,1.19s,0.75s,-0.44,0.02,0.71,0.11,0.11,22.5%,50.2%,01.05,92,-5,0.96,01.05
nexa,125,2736,164,1.1,01.04,0.58,1.29s,1.49s,0.21,0.04,0.76,0.05,0.06,10.8%,47.1%,0.83,125,7,01.04,01.02
nicoodoz,117,2569,353,1.22,1.13,0.66,1.50s,1.51s,0.01,0.06,0.66,0.12,0.08,19.4%,60.1%,1.12,117,9,01.06,01.05
nicx,67,1461,-47,0.95,0.96,0.43,0.90s,0.83s,-0.07,0.04,0.54,0.08,0.09,16.9%,44.9%,0.89,67,-7,0.92,0.95
nifee,167,3610,53,01.02,01.08,0.57,1.20s,1.30s,0.1,0.04,0.67,0.1,0.1,20.5%,49.1%,1.0,167,32,1.14,1.15
niko,90,1978,-97,0.93,0.97,0.33,1.03s,0.81s,-0.22,0.02,0.74,0.09,0.11,20.0%,45.8%,0.94,90,13,1.1,1.13
nin9,107,2282,299,1.21,1.17,0.87,1.32s,2.16s,0.84,0.1,0.68,0.13,0.11,24.0%,56.2%,1.17,107,24,1.17,1.16
ninjaZ,97,2128,-156,0.89,0.95,0.61,1.54s,1.48s,-0.06,0.05,0.69,0.1,0.14,23.8%,42.0%,0.94,97,-5,0.96,01.05
nitr0,116,2396,-17,0.99,01.02,0.84,1.41s,2.05s,0.64,0.07,0.71,0.08,0.09,16.7%,46.6%,0.91,116,-5,0.97,01.01
nosraC,103,2152,-65,0.96,01.05,0.75,1.26s,1.74s,0.47,0.06,0.67,0.1,0.11,21.2%,46.6%,0.97,103,-17,0.87,0.97
nota,217,4675,117,01.04,01.08,0.45,1.53s,0.90s,-0.63,0.03,0.55,0.11,0.11,22.7%,50.0%,01.04,217,-10,0.97,01.07
notineki,227,4924,209,01.07,01.05,0.46,0.94s,0.92s,-0.03,0.03,0.58,0.09,0.09,18.3%,48.4%,0.95,227,41,1.14,1.11
noway,101,2217,83,01.06,01.06,0.51,1.06s,1.08s,0.02,0.03,0.62,0.09,0.12,20.2%,43.1%,0.91,101,9,01.07,01.08
npl,140,3058,266,1.13,1.16,0.46,1.20s,0.95s,-0.25,0.03,0.6,0.11,0.1,21.7%,52.6%,01.07,140,34,1.18,1.23
nqz,99,2154,249,1.2,01.07,0.68,1.52s,1.62s,0.11,0.07,0.68,0.11,0.06,16.9%,65.5%,1.12,99,14,1.11,1.12
nut nut,201,4355,178,01.06,01.05,0.68,0.95s,1.86s,0.92,0.07,0.8,0.07,0.06,13.4%,52.6%,0.91,201,27,1.1,1.13
nython,133,2801,132,01.08,01.03,0.87,1.54s,2.06s,0.51,0.1,0.68,0.11,0.07,18.5%,61.5%,1.12,133,2,01.01,01.05
oSee,116,2396,315,1.22,1.15,0.74,1.17s,2.03s,0.86,0.11,0.79,0.12,0.07,18.7%,62.6%,1.13,116,17,1.11,1.11
obi,68,1455,-268,0.76,0.84,0.46,1.52s,0.92s,-0.6,0.03,0.59,0.09,0.13,22.3%,40.6%,0.9,68,-42,0.62,0.65
ogwizard,81,1710,184,1.17,1.12,0.7,1.17s,1.73s,0.57,0.08,0.77,0.12,0.07,18.7%,64.1%,1.15,81,5,01.05,01.08
onic,158,3389,-278,0.88,0.95,0.8,0.93s,1.87s,0.94,0.06,0.7,0.09,0.11,19.4%,43.9%,0.91,158,-36,0.84,0.9
oxygeN,140,3020,-51,0.98,01.05,0.31,1.06s,0.60s,-0.45,0.02,0.6,0.14,0.14,28.2%,48.6%,1.11,140,33,1.16,1.24
pancc,109,2299,82,01.06,01.07,0.47,1.29s,1.17s,-0.13,0.03,0.72,0.08,0.09,17.1%,47.2%,0.92,109,30,1.23,1.17
paz,205,4548,-51,0.98,1.0,0.46,1.18s,1.15s,-0.03,0.04,0.68,0.07,0.08,15.4%,47.9%,0.9,205,30,1.1,1.14
phzy,74,1570,188,1.19,1.14,0.62,1.34s,1.71s,0.37,0.08,0.78,0.12,0.08,19.6%,59.1%,1.11,74,52,1.58,1.46
piriajr,100,2099,134,1.1,1.1,0.49,1.29s,1.15s,-0.13,0.03,0.66,0.1,0.08,18.8%,55.4%,01.05,100,-6,0.96,01.02
podi,161,3537,276,1.13,01.07,0.5,1.29s,1.34s,0.05,0.05,0.77,0.1,0.06,16.2%,62.2%,01.07,161,18,01.08,01.09
poiii,104,2320,-29,0.98,01.06,0.42,1.58s,0.85s,-0.73,0.03,0.6,0.12,0.12,23.8%,49.6%,01.06,104,28,1.2,1.26
ponter,106,2270,112,01.08,01.09,0.46,1.20s,1.14s,-0.07,0.03,0.7,0.11,0.09,19.3%,54.6%,01.05,106,18,1.13,1.16
pr1metapz,152,3305,22,01.01,01.03,0.48,1.00s,1.07s,0.07,0.03,0.66,0.09,0.09,18.1%,49.2%,0.96,152,17,01.08,1.13
prt,90,1949,-23,0.98,01.01,0.48,1.16s,0.92s,-0.24,0.02,0.54,0.09,0.08,16.8%,51.8%,0.97,90,0,1.0,01.01
pz,76,1620,21,01.02,01.03,0.86,1.40s,2.34s,0.94,0.12,0.77,0.11,0.09,20.7%,54.5%,01.07,76,-52,0.58,0.72
r1nkle,155,3377,708,1.35,1.22,0.51,1.20s,1.37s,0.16,0.06,0.78,0.13,0.08,21.3%,61.7%,1.19,155,4,01.02,01.07
r3salt,112,2396,160,1.1,1.13,0.56,1.24s,1.31s,0.07,0.04,0.68,0.11,0.1,21.2%,51.9%,01.05,112,29,1.17,1.3
raalz,214,4743,-380,0.88,0.94,0.92,1.28s,2.31s,01.02,0.09,0.69,0.08,0.1,17.9%,43.5%,0.89,214,-57,0.81,0.86
rafaxF,94,2003,-32,0.98,0.95,0.86,1.44s,2.01s,0.57,0.08,0.69,0.08,0.06,14.7%,57.1%,0.98,94,-53,0.66,0.72
ragga,196,4352,-283,0.91,0.98,0.54,1.23s,1.11s,-0.12,0.04,0.59,0.1,0.12,22.1%,44.7%,0.96,196,5,01.02,01.09
rain,84,1893,-40,0.97,01.01,0.52,1.34s,1.01s,-0.33,0.03,0.54,0.09,0.11,20.0%,46.2%,0.95,84,-19,0.85,0.94
rdnzao,123,2579,157,01.09,1.12,0.5,1.29s,1.07s,-0.22,0.04,0.62,0.11,0.11,21.6%,50.2%,01.03,123,-5,0.97,01.05
realz1n,102,2276,177,1.13,01.06,0.65,1.11s,1.28s,0.17,0.03,0.56,0.08,0.06,14.0%,54.5%,0.94,102,23,1.18,1.16
regali,67,1381,185,1.21,1.1,0.68,1.43s,1.48s,0.05,0.06,0.63,0.08,0.07,14.8%,52.9%,0.94,67,39,1.44,1.36
remix,66,1480,24,01.03,0.95,0.71,1.42s,1.81s,0.38,0.07,0.75,0.1,0.06,15.5%,62.2%,01.05,66,-10,0.89,0.91
reversive,81,1793,-203,0.84,0.92,0.93,1.60s,2.00s,0.4,0.05,0.62,0.08,0.1,17.5%,43.8%,0.89,81,-5,0.96,01.03
revoltz,75,1643,-184,0.84,0.9,0.49,1.18s,0.99s,-0.18,0.03,0.6,0.07,0.08,15.3%,49.0%,0.91,75,-26,0.77,0.91
righi,81,1793,57,01.05,01.09,0.43,1.56s,1.19s,-0.37,0.03,0.78,0.14,0.12,26.1%,53.0%,1.15,81,-3,0.97,01.05
riskyb0b,127,2783,-212,0.89,0.97,0.53,1.42s,1.21s,-0.21,0.04,0.66,0.09,0.09,17.7%,49.1%,0.95,127,9,01.05,1.11
robo,124,2756,-126,0.93,1.0,0.48,1.43s,1.21s,-0.22,0.05,0.7,0.1,0.11,21.2%,49.1%,01.01,124,-15,0.91,0.94
ropz,98,2061,345,1.29,1.2,0.28,0.79s,0.50s,-0.3,0.02,0.51,0.11,0.07,17.6%,59.8%,01.08,98,50,1.41,1.35
roy,69,1462,-163,0.84,0.92,0.55,1.10s,1.10s,0.0,0.03,0.57,0.07,0.09,15.5%,44.2%,0.87,69,-26,0.73,0.81
rud,69,1522,145,1.15,01.07,0.59,1.20s,1.34s,0.14,0.05,0.68,0.11,0.08,19.0%,56.1%,01.06,69,19,1.2,1.24
ryu,227,4930,193,01.06,01.09,0.32,1.32s,0.74s,-0.58,0.02,0.65,0.1,0.1,20.0%,51.5%,01.02,227,74,1.24,1.27
s0und,196,4352,67,01.02,01.06,0.4,1.25s,0.92s,-0.33,0.03,0.65,0.1,0.1,19.3%,49.8%,0.99,196,37,1.13,1.15
s1n,73,1567,0,1.0,01.04,1.0,1.62s,2.44s,0.83,0.09,0.68,0.08,0.08,15.6%,50.4%,0.93,73,15,1.15,1.15
s4ltovsk1yy,131,2853,457,1.28,1.13,0.56,1.26s,1.39s,0.13,0.07,0.73,0.1,0.05,15.3%,65.1%,01.08,131,54,1.31,1.26
sFade8,146,3156,-365,0.84,0.96,0.69,1.54s,1.52s,-0.03,0.03,0.6,0.14,0.17,31.1%,44.2%,01.07,146,-22,0.9,01.02
sL1m3,95,2124,243,1.18,01.09,0.45,1.11s,0.98s,-0.12,0.04,0.64,0.11,0.07,18.0%,60.7%,1.1,95,21,1.15,1.24
sSen,69,1481,-20,0.98,1.0,0.52,1.00s,1.45s,0.45,0.04,0.82,0.07,0.1,16.5%,42.2%,0.86,69,37,1.4,1.34
saadzin,129,2667,355,1.25,1.11,0.92,1.46s,2.24s,0.78,0.1,0.69,0.11,0.06,16.4%,65.0%,1.1,129,7,01.04,01.07
saffee,74,1650,-14,0.99,0.95,0.78,1.40s,1.92s,0.51,0.09,0.69,0.1,0.07,17.0%,57.5%,01.03,74,-23,0.8,0.87
sausol,197,4350,364,1.12,1.12,0.47,1.12s,1.05s,-0.08,0.03,0.62,0.1,0.09,18.6%,53.8%,01.02,197,10,01.03,01.09
sdy,162,3554,300,1.13,1.14,0.62,1.39s,1.33s,-0.06,0.04,0.61,0.12,0.1,22.0%,53.8%,01.09,162,-15,0.94,01.02
sh1nejezzz,87,1887,-4,1.0,1.0,0.4,1.08s,0.86s,-0.21,0.03,0.66,0.08,0.08,16.3%,50.5%,0.94,87,-4,0.97,0.99
sh1ro,86,1883,452,1.45,1.23,0.63,1.42s,1.41s,-0.01,0.05,0.67,0.11,0.05,15.2%,70.0%,1.12,86,35,1.34,1.24
shadiy,71,1474,224,1.23,1.21,0.44,1.48s,1.13s,-0.36,0.03,0.76,0.1,0.09,18.8%,54.2%,01.03,71,1,01.01,01.08
shalfey,112,2396,-39,0.98,1.0,0.62,1.35s,1.53s,0.17,0.06,0.72,0.1,0.09,19.9%,52.3%,01.03,112,6,01.04,01.08
shane,89,1891,42,01.03,01.07,0.34,1.17s,0.74s,-0.42,0.02,0.68,0.07,0.08,15.5%,47.6%,0.9,89,-10,0.92,0.98
simke,212,4683,-104,0.97,01.01,0.33,1.11s,0.71s,-0.4,0.02,0.61,0.09,0.1,18.5%,48.2%,0.95,212,14,01.05,01.08
sirah,190,4136,292,1.11,1.1,0.46,1.59s,0.96s,-0.63,0.03,0.6,0.11,0.09,20.3%,54.8%,01.07,190,45,1.18,1.16
sjuush,155,3377,341,1.16,1.16,0.69,1.10s,1.77s,0.67,0.04,0.74,0.1,0.1,20.0%,52.4%,01.03,155,29,1.13,1.11
sl3nd,81,1779,3,1.0,0.99,0.74,1.28s,1.77s,0.49,0.08,0.68,0.09,0.07,15.6%,58.1%,01.01,81,10,01.09,1.15
slaxz-,73,1567,205,1.22,1.12,0.82,1.73s,1.84s,0.11,0.08,0.63,0.12,0.09,20.4%,57.1%,1.1,73,2,01.02,01.08
sliimey,74,1548,64,01.07,01.04,0.45,1.38s,0.95s,-0.43,0.03,0.62,0.07,0.07,14.1%,53.2%,0.93,74,16,1.17,1.15
snapy,100,2140,-226,0.87,1.0,0.53,1.67s,1.34s,-0.33,0.03,0.69,0.16,0.18,33.9%,47.9%,1.19,100,-20,0.88,0.95
snav,149,3175,238,1.12,1.12,0.58,1.42s,1.24s,-0.17,0.06,0.63,0.1,0.1,20.5%,49.7%,1.0,149,12,01.06,01.05
snow,99,2154,-149,0.89,0.92,0.47,1.28s,1.06s,-0.22,0.02,0.62,0.08,0.09,16.9%,47.0%,0.91,99,18,1.14,1.19
somebody,106,2185,185,1.13,1.17,0.58,1.14s,1.22s,0.08,0.04,0.6,0.12,0.1,21.9%,54.1%,01.09,106,30,1.2,1.27
soulfly,205,4548,250,01.08,1.16,0.48,1.57s,1.15s,-0.42,0.03,0.65,0.16,0.14,30.4%,52.4%,1.22,205,39,1.13,1.17
sowalio,112,2397,28,01.02,01.07,0.39,1.05s,0.80s,-0.24,0.02,0.63,0.12,0.11,22.3%,52.1%,01.07,112,8,01.05,01.09
spooke,153,3363,-12,0.99,01.07,0.46,1.44s,1.03s,-0.41,0.03,0.61,0.12,0.12,24.0%,48.3%,01.04,153,35,1.15,1.24
sstiNiX,118,2581,9,01.01,01.01,0.56,1.51s,1.40s,-0.11,0.03,0.73,0.08,0.09,17.1%,48.9%,0.94,118,-19,0.89,0.94
stadodo,191,4214,109,01.04,0.99,0.86,1.22s,2.34s,1.12,0.11,0.77,0.1,0.07,16.4%,58.6%,01.03,191,-13,0.95,01.03
stanislaw,79,1667,-230,0.79,0.86,0.95,1.15s,2.37s,1.22,0.1,0.7,0.07,0.1,17.2%,40.8%,0.85,79,-1,0.99,0.99
stavn,107,2393,83,01.05,01.09,0.64,1.43s,1.68s,0.24,0.04,0.74,0.1,0.09,19.5%,53.0%,01.03,107,-2,0.99,01.01
stax,75,1643,-328,0.74,0.84,0.92,1.73s,2.42s,0.69,0.09,0.75,0.1,0.15,24.5%,39.0%,0.89,75,-32,0.72,0.79
story,68,1451,-16,0.98,0.96,0.76,1.41s,2.20s,0.79,0.08,0.82,0.11,0.1,21.4%,51.6%,01.05,68,-31,0.71,0.83
sugaR,90,1942,113,01.09,01.09,0.62,1.05s,1.48s,0.44,0.04,0.68,0.11,0.1,20.6%,52.0%,01.04,90,3,01.02,01.06
suma,106,2332,-161,0.9,0.95,0.33,1.06s,0.85s,-0.21,0.03,0.72,0.08,0.1,18.4%,44.2%,0.9,106,-3,0.98,01.01
susp,79,1667,-35,0.97,01.08,0.31,1.67s,0.61s,-1.06,0.01,0.54,0.14,0.14,28.0%,50.2%,1.14,79,12,1.12,1.21
syph0,124,2756,-40,0.98,1.0,0.46,0.86s,0.98s,0.11,0.04,0.59,0.07,0.07,14.3%,51.9%,0.92,124,16,01.09,1.12
szejn,103,2197,-39,0.97,01.02,0.43,1.00s,0.87s,-0.13,0.03,0.6,0.09,0.09,18.5%,49.1%,0.96,103,-7,0.95,01.01
t3ns1on,166,3711,414,1.19,01.07,0.91,1.22s,2.26s,01.05,0.11,0.7,0.1,0.07,17.0%,60.9%,01.07,166,5,01.02,01.02
tN1R,106,2314,316,1.21,1.19,0.64,1.20s,1.35s,0.15,0.03,0.61,0.1,0.07,17.6%,57.7%,01.05,106,55,1.37,1.33
tabseN,119,2523,-200,0.89,0.97,0.83,1.32s,2.14s,0.82,0.08,0.7,0.08,0.11,19.6%,41.7%,0.88,119,-18,0.89,0.97
tele D,66,1471,-82,0.92,1.0,0.37,1.29s,0.85s,-0.45,0.03,0.65,0.11,0.12,23.2%,48.4%,01.03,66,4,01.04,01.09
teme,109,2387,34,01.02,01.06,0.37,0.99s,0.93s,-0.06,0.04,0.71,0.1,0.08,17.8%,54.1%,01.01,109,-2,0.99,0.98
tex1y,216,4640,416,1.14,1.15,0.67,1.24s,1.55s,0.31,0.05,0.67,0.11,0.08,19.1%,56.6%,01.07,216,14,01.05,1.11
tom1jed,86,1845,-18,0.99,01.08,0.69,1.51s,1.73s,0.22,0.04,0.73,0.14,0.14,28.6%,49.4%,1.13,86,17,1.15,1.12
tomaszin,88,1960,92,01.07,1.13,0.52,1.04s,0.93s,-0.11,0.03,0.5,0.1,0.1,19.7%,49.1%,0.98,88,-13,0.9,01.02
tomate,133,2801,300,1.18,1.12,0.57,1.25s,1.09s,-0.16,0.03,0.54,0.09,0.07,16.7%,55.9%,01.01,133,69,1.39,1.39
torzsi,109,2437,339,1.25,01.09,0.67,1.54s,1.57s,0.03,0.08,0.66,0.1,0.06,16.4%,63.5%,01.09,109,38,1.28,1.19
toto,70,1514,-272,0.75,0.85,0.59,1.40s,1.32s,-0.07,0.03,0.65,0.08,0.11,18.7%,40.6%,0.86,70,-9,0.9,0.95
tripey,92,1984,16,01.01,01.09,0.45,1.31s,1.00s,-0.31,0.03,0.63,0.12,0.13,25.2%,46.8%,01.03,92,6,01.05,1.12
try,101,2217,546,1.44,1.25,0.72,1.43s,1.76s,0.33,0.08,0.71,0.14,0.06,20.3%,68.0%,1.25,101,29,1.21,1.19
tsukumeow,76,1566,-56,0.95,0.98,0.76,1.29s,1.78s,0.49,0.07,0.7,0.09,0.08,17.9%,52.9%,1.0,76,7,01.07,01.09
twist,139,2934,-47,0.98,01.04,0.81,1.16s,1.98s,0.82,0.06,0.65,0.1,0.1,20.5%,49.5%,1.0,139,9,01.05,1.11
ultimate,70,1524,59,01.06,01.03,0.63,1.52s,1.57s,0.05,0.08,0.73,0.12,0.1,21.8%,55.4%,1.11,70,1,01.01,01.07
upE,139,2934,-269,0.86,0.92,0.52,1.07s,1.04s,-0.02,0.03,0.57,0.08,0.1,17.7%,44.8%,0.9,139,-21,0.89,0.98
venomzera,103,2223,136,1.1,1.1,0.52,0.98s,1.25s,0.27,0.03,0.71,0.1,0.1,20.1%,50.3%,01.01,103,47,1.33,1.4
vinaabEAST,97,2128,8,01.01,01.04,0.6,1.34s,1.45s,0.1,0.04,0.68,0.1,0.1,19.7%,49.5%,0.99,97,2,01.01,1.1
vsm,94,2025,372,1.27,1.27,0.73,1.17s,1.56s,0.39,0.04,0.58,0.12,0.09,20.7%,55.6%,01.09,94,31,1.24,1.21
w0nderful,71,1569,131,1.14,01.07,0.68,1.39s,1.60s,0.21,0.07,0.66,0.11,0.07,18.0%,58.9%,01.07,71,-2,0.98,01.07
woozzzi,93,1993,51,01.04,1.0,0.55,1.31s,1.33s,0.02,0.06,0.72,0.12,0.08,20.1%,58.1%,1.11,93,6,01.04,01.06
woxic,124,2790,304,1.19,01.08,0.67,1.47s,1.50s,0.03,0.07,0.64,0.11,0.06,17.0%,62.2%,01.09,124,16,01.09,1.11
xKacpersky,157,3459,110,01.04,1.15,0.2,1.10s,0.38s,-0.72,0.01,0.53,0.14,0.15,29.7%,48.6%,1.13,157,13,01.05,1.23
xerolte,81,1741,145,1.12,1.14,0.54,1.09s,1.40s,0.31,0.05,0.71,0.11,0.1,20.9%,52.3%,01.05,81,11,01.09,1.17
xertioN,109,2437,24,01.01,1.11,0.56,1.90s,1.19s,-0.71,0.03,0.57,0.14,0.15,29.8%,48.4%,1.13,109,19,1.13,1.23
xfl0ud,108,2354,-11,0.99,1.12,0.5,1.57s,1.03s,-0.53,0.04,0.57,0.15,0.15,29.8%,49.9%,1.16,108,6,01.04,1.14
xiELO,149,3256,140,01.06,1.13,0.31,1.33s,0.74s,-0.59,0.03,0.72,0.13,0.12,24.8%,51.3%,1.1,149,3,01.01,01.06
yAmi,75,1615,80,01.07,1.14,0.43,1.33s,0.94s,-0.39,0.03,0.62,0.12,0.09,21.2%,55.4%,1.1,75,23,1.23,1.22
yuurih,93,1988,102,01.08,01.08,0.76,1.24s,1.58s,0.33,0.04,0.59,0.07,0.06,13.8%,53.5%,0.93,93,40,1.33,1.34
yxngstxr,108,2354,1,1.0,01.01,0.54,0.94s,1.20s,0.26,0.04,0.63,0.07,0.08,15.3%,47.6%,0.9,108,-18,0.89,0.93
z1Nny,222,4793,117,01.03,1.12,0.37,1.18s,0.79s,-0.39,0.03,0.59,0.12,0.14,25.6%,46.3%,01.03,222,29,01.09,1.17
z4kr,105,2246,314,1.23,1.13,0.82,1.32s,2.26s,0.94,0.12,0.78,0.11,0.06,16.6%,64.8%,1.11,105,3,01.02,01.07
zede,68,1434,116,1.13,1.12,0.38,1.19s,0.99s,-0.2,0.02,0.77,0.1,0.09,18.8%,51.1%,0.99,68,26,1.3,1.25
zmb,105,2344,-28,0.98,01.03,0.87,1.64s,2.10s,0.45,0.05,0.7,0.1,0.11,21.6%,47.0%,0.98,105,0,1.0,01.05
zock,113,2456,-26,0.98,01.02,0.54,1.32s,1.04s,-0.28,0.03,0.56,0.1,0.12,21.8%,45.7%,0.97,113,38,1.26,1.22
zogeN,121,2608,-142,0.92,0.95,0.46,1.45s,1.03s,-0.43,0.04,0.66,0.08,0.08,15.9%,47.6%,0.91,121,4,01.02,01.09
zont1x,86,1883,114,1.1,01.08,0.42,1.03s,0.92s,-0.1,0.03,0.64,0.09,0.08,16.9%,51.4%,0.96,86,-20,0.82,0.88
zorte,119,2739,289,1.18,01.08,0.69,1.48s,1.57s,0.09,0.05,0.67,0.11,0.07,18.4%,62.2%,1.12,119,21,1.13,1.16
ztr,95,2083,-221,0.84,0.9,0.64,1.25s,1.56s,0.31,0.06,0.68,0.07,0.09,16.5%,42.6%,0.86,95,-31,0.78,0.82
zweih,127,2783,158,01.08,1.12,0.46,1.28s,1.03s,-0.26,0.03,0.64,0.12,0.1,22.0%,54.6%,1.1,127,28,1.15,1.26